rowid,date,pscis_crossing_id,my_crossing_reference,crew_members,utm_zone,easting,northing,stream_name,road_name,road_km_mark,road_tenure,crossing_type,crossing_subtype,diameter_or_span_meters,length_or_width_meters,continuous_embeddedment_yes_no,average_depth_embededdment_meters,resemble_channel_yes_no,backwatered_yes_no,percentage_backwatered,fill_depth_meters,outlet_drop_meters,outlet_pool_depth_0_01m,inlet_drop_yes_no,culvert_slope_percent,downstream_channel_width_meters,stream_slope,beaver_activity_yes_no,fish_observed_yes_no,valley_fill,habitat_value,stream_width_ratio,culvert_length_score,embed_score,outlet_drop_score,culvert_slope_score,stream_width_ratio_score,final_score,barrier_result,crossing_fix,recommended_diameter_or_span_meters,assessment_comment,source,aggregated_crossings_id,time_start,date_time_start,camera_id,site_id
5,2021-08-30,,1805532,AI,9,685314.058080938,6030316.9592297,Crow Creek,CN Railway,,Canadian National,Open Bottom Structure,Bridge,13.5,6,,,,,,,,,,,,,,,,,0,0,0,0,0,0,0,Passable,,,Bridge. 9:46,pscis_phase1.xlsm,1001805532,9:46,2021-08-30T09:46:00Z,AI,1805532
6,2021-08-30,,1801185,AI KP,9,684767.037611379,6029866.97398283,Crow Creek,Private,,Unclassified,Open Bottom Structure,Bridge,8,4,,,,,,,,,,,,,,,,,0,0,0,0,0,0,0,Passable,,,Bridge. 10:36,pscis_phase1.xlsm,1001801185,10:36,2021-08-30T10:36:00Z,AI,1801185
7,2021-08-30,,1800360,AI KP,9,685353.273306585,6030520.35406885,Tributary to Bulkley River,Rose Lake Cuttoff Road,,MoTi Local,Closed Bottom Structure,Round Culvert,0.6,14,No,,No,No,,1,0.1,0.1,No,3.5,1.5,7,No,No,Deep Fill,Low,2.5,0,10,0,10,6,26,Barrier,Replace Structure with Streambed Simulation CBS,3,"Dry, small channel. 10:53",pscis_phase1.xlsm,1001800360,10:53,2021-08-30T10:53:00Z,AI,1800360
8,2021-08-30,,1800180,AI KP,9,683420.652631978,6032258.14516039,Tributary to Bulkley River,Rose Lake Cuttoff Road,,MoTi Local,Closed Bottom Structure,Round Culvert,0.9,23,No,,No,No,,1,0,0,Yes,3.5,1.5,12,No,No,Deep Fill,Low,1.7,3,10,0,10,6,29,Barrier,Replace Structure with Streambed Simulation CBS,3,"Dry, small stream.  Runs in ditch beside the road. 11:09",pscis_phase1.xlsm,1001800180,11:09,2021-08-30T11:09:00Z,AI,1800180
9,2021-08-30,,1800372,AI,9,681279,6032345,Tributary to Bulkley River,Crow Creek Road,,Resource,Closed Bottom Structure,Round Culvert,0.9,15,No,,No,No,,1.5,0,0,No,8,2,4,No,No,Deep Fill,Low,2.2,3,10,0,10,6,29,Barrier,Replace with New Open Bottom Structure,10,Dry with dredged channel.  Double pipe (0.9 x 0.9). 11:26,pscis_phase1.xlsm,1001800372,11:26,2021-08-30T11:26:00Z,AI,1800372
10,2021-08-30,,1803682,AI KP,9,682026.134124714,6028531.0330158,Crow Creek,Maxan Creek FSR,,FLNR DND 7735,Open Bottom Structure,Bridge,10,5,,,,,,,,,,,,,,,,,0,0,0,0,0,0,0,Passable,,,Bridge. 12:05,pscis_phase1.xlsm,1001803682,12:05,2021-08-30T12:05:00Z,AI,1803682
11,2021-08-30,,1803706,AI KP,9,683683.886840271,6024930.05051872,Tributary to Maxan Creek,Maxan Creek FSR,,FLNR DND 7735,Closed Bottom Structure,Round Culvert,0.5,30,No,,No,No,,3,0.6,0.3,No,3.5,1.2,3,No,No,Deep Fill,Low,2.4,6,10,10,10,6,42,Barrier,Replace Structure with Streambed Simulation CBS,3,Dry channel.  Two pipes (0.5 x 0.5).  FISS site downstream. 12:29,pscis_phase1.xlsm,1001803706,12:29,2021-08-30T12:29:00Z,AI,1803706
12,2021-08-30,,1802611,AI KP,9,685706,6023769,Tributary to Maxan Creek,Maxan Creek FSR,,Unknown,Closed Bottom Structure,Round Culvert,1.2,23,No,,No,No,,1,0,0,No,1,1.3,2.5,No,No,Deep Fill,Low,1.1,3,10,0,5,3,21,Barrier,Replace Structure with Streambed Simulation CBS,3,Dry channel at time of survey.  Runs in ditch on low side of road.  Recently replaces.  12:49,pscis_phase1.xlsm,1001802611,12:49,2021-08-30T12:49:00Z,AI,1802611
13,2021-08-30,,1803697,AI KP,9,687646.940929586,6021923.05488031,Tributary to Maxan Creek,Maxan Creek FSR,,FLNR DND 7735,Closed Bottom Structure,Round Culvert,0.3,15,No,,No,No,,1,0.1,0,No,1.5,1,2,No,No,Deep Fill,Low,3.3,3,10,0,5,6,24,Barrier,Replace Structure with Streambed Simulation CBS,3,Dry channel at time of survey. Very small stream. ID # on card in road photo is incorrect. 13:10,pscis_phase1.xlsm,1001803697,13:10,2021-08-30T13:10:00Z,AI,1803697
14,2021-08-30,,1804693,AI KP,9,687557,6020572,Tributary to Maxan Creek,Maxan Creek FSR,,FLNR DND 7735,Closed Bottom Structure,Round Culvert,0.6,16,No,,No,No,,2.5,0,0.65,Yes,3,0.9,4,Yes,No,Deep Fill,Medium,1.5,3,10,0,10,6,29,Barrier,Replace Structure with Streambed Simulation CBS,3,Habitat value is low to medium.  Large beaver influenced lake upstream with two dams ~1.5m high at 10m and 30m upstream. Inlet blocked.  Water at inlet is level with the top of the culvert.  At 4m downstream is a 1m high beaver dam. 13:23,pscis_phase1.xlsm,1001804693,13:23,2021-08-30T13:23:00Z,AI,1804693
15,2021-08-30,,1804694,AI KP,9,688604.000058121,6019911.05317269,Tributary to Maxan Creek,Spur 30,,FLNR DND 7735,Open Bottom Structure,Bridge,12,5,,,,,,,,,,,,,,,,,0,0,0,0,0,0,0,Passable,,,Bridge. 14:15,pscis_phase1.xlsm,1001804694,14:15,2021-08-30T14:15:00Z,AI,1804694
16,2021-08-30,,2021083003,AI,9,686933,6023054,Foxy Creek,unnamed,,Unclassified,Other,Ford,,,,,,,,,,,,,,,,,,,0,0,0,0,0,0,0,Unknown,,,Ford. 15:55,pscis_phase1.xlsm,2021083003,15:55,2021-08-30T15:55:00Z,AI,2021083003
17,2021-08-31,,1802106,AI,9,670963.045837189,6046221.19780876,Robert Hatch Creek,Private,,Unclassified,Open Bottom Structure,Bridge,12,7,,,,,,,,,,,,,,,,,0,0,0,0,0,0,0,Passable,,,Bridge has collapsed and is impediment to upstream fish passage.  Habitat confirmation conducted. 16:56,pscis_phase1.xlsm,1001802106,16:56,2021-08-31T16:56:00Z,AI,1802106
18,2021-08-31,,1802088,AI,9,669947.040719615,6047216.99993016,Robert Hatch Creek,Private,,Unclassified,Other,Ford,,,,,,,,,,,,,,,,,,,0,0,0,0,0,0,0,Unknown,,,Ford. 17:46,pscis_phase1.xlsm,1001802088,17:46,2021-08-31T17:46:00Z,AI,1802088
19,2021-08-31,,1802089,AI,9,668873.048691082,6046967.06112778,Johnny David Creek,Private,,Unclassified,Other,Ford,,,,,,,,,,,,,,,,,,,0,0,0,0,0,0,0,Unknown,,,Ford. Area is extensively impacted by cattle trampling of banks. 17:56,pscis_phase1.xlsm,1001802089,17:56,2021-08-31T17:56:00Z,AI,1802089
20,2021-09-01,,14000613,AI,9,588885,6003123,Tributary to Gosnell Creek,,,Unknown,Other,Ford,,,,,,,,,,,,,,,,,,,0,0,0,0,0,0,0,Unknown,,,Ford.  Road deactivated and grown in.  Not ATV accessible beyond this point. 12:15,pscis_phase1.xlsm,1014000613,12:15,2021-09-01T12:15:00Z,AI,14000613
21,2021-09-01,,14000621,AI,9,589552.493773891,6003685.23223689,Tributary to Gosnell Creek,Crystal Creek FSR,,Canfor R04078,Closed Bottom Structure,Oval Culvert,1.95,16,Yes,0.15,Yes,No,,2,0,0.05,No,0.8,2.8,7,No,No,Deep Fill,Medium,1.4,3,5,0,0,6,14,Passable,,,"Old Crystal Ck FSR.  Flat bottom structure.  Good flow with abundant gravels and LWD.  Nice stream.  Appears passable to all life stages. Culvert slope was estimated with clinometer so may be slightly off.  If slope was entered as 1% this crossing would rank as a ""potential"" barrier. 12:26",pscis_phase1.xlsm,1014000621,12:26,2021-09-01T12:26:00Z,AI,14000621
22,2021-09-01,,14000614,AI,9,590839.40499984,6004384.77139449,Tributary to Gosnell Creek,Crystal Creek FSR,,Canfor R04078,Open Bottom Structure,Bridge,12.5,5,,,,,,,,,,,,,,,,,0,0,0,0,0,0,0,Passable,,,Dry channel at time of survey.  Should this bridge be removed and girders salvaged? 13:05,pscis_phase1.xlsm,1014000614,13:05,2021-09-01T13:05:00Z,AI,14000614
23,2021-09-01,,14000944,AI,9,591400.321522426,6004533.19513151,Tributary to Gosnell Creek,Crystal Creek FSR,,FLNR DND 9785,Open Bottom Structure,Bridge,9,5,,,,,,,,,,,,,,,,,0,0,0,0,0,0,0,Passable,,,Bridge. Wood abutments and girders. 13:12,pscis_phase1.xlsm,1014000944,13:12,2021-09-01T13:12:00Z,AI,14000944
24,2021-09-01,,14001249,AI,9,591714.984975565,6005281.73777944,Tributary to Gosnell Creek,Spur,,,Other,Ford,,,,,,,,,,,,,,,,,,,0,0,0,0,0,0,0,Unknown,,,Ford. 13:24,pscis_phase1.xlsm,1014001249,13:24,2021-09-01T13:24:00Z,AI,14001249
25,2021-09-01,,14000725,AI,9,598299.767889709,6007625.52256105,Tributary to Gosnell Creek,Crystal Creek FSR,,Canfor R04078,Open Bottom Structure,Bridge,14,5,,,,,,,,,,,,,,,,,0,0,0,0,0,0,0,Passable,,,Bridge. 14:31,pscis_phase1.xlsm,1014000725,14:31,2021-09-01T14:31:00Z,AI,14000725
26,2021-09-01,,14001542,AI,9,595641.481130376,6007684.84819797,Tributary to Gosnell Creek,Spur,,Resource,Other,Ford,,,,,,,,,,,,,,,,,,,0,0,0,0,0,0,0,Unknown,,,Road deactivated. 15:02,pscis_phase1.xlsm,1014001542,15:02,2021-09-01T15:02:00Z,AI,14001542
27,2021-09-01,,14000828,AI,9,599393.953075419,6008488.74184851,Tributary to Gosnell Creek,Spur,,Canfor R04078,Closed Bottom Structure,Round Culvert,1,14,Yes,0.05,Yes,No,,1,0,0,No,1,0.8,0,No,No,Deep Fill,Low,0.8,0,5,0,5,0,10,Passable,,,Dry at time of survey.  Channel poorly defined.  Likely flows for only short periods. 15:40,pscis_phase1.xlsm,1014000828,15:40,2021-09-01T15:40:00Z,AI,14000828
28,2021-09-01,,14000949,AI,9,601529,6006865,Tributary to Gosnell Creek,Crystal Creek FSR,,FLNR DND 9785,Closed Bottom Structure,Round Culvert,1.2,28,No,,No,No,,1,0.5,0.1,No,0.5,0.9,0.5,No,No,Deep Fill,Low,0.8,3,10,10,0,0,23,Barrier,Replace Structure with Streambed Simulation CBS,3,Fill depth estimated. 16:02,pscis_phase1.xlsm,1014000949,16:02,2021-09-01T16:02:00Z,AI,14000949
29,2021-09-01,,14000954,AI,9,603333.087960263,6007072.147367,Tributary to Gosnell Creek,Crystal Creek FSR,,FLNR DND 9785,Closed Bottom Structure,Round Culvert,0.5,18,No,,No,No,,1.5,0,0,No,1,1.3,0.5,No,No,Deep Fill,Low,2.6,3,10,0,5,6,24,Barrier,Replace Structure with Streambed Simulation CBS,3,Dry. Channel partially covered in moss.  Very like flows for only short periods of the year. 16:18,pscis_phase1.xlsm,1014000954,16:18,2021-09-01T16:18:00Z,AI,14000954
30,2021-09-01,,14000908,AI,9,604357.250674698,6009290.53087223,Tributary to Gosnell Creek,,,Canfor R04078,Other,Ford,,,,,,,,,,,,,,,,,,,0,0,0,0,0,0,0,Unknown,,,Ford.  Quad bridge in place made from logs. 16:38,pscis_phase1.xlsm,1014000908,16:38,2021-09-01T16:38:00Z,AI,14000908
31,2021-09-01,,14001002,AI,9,606614.999407535,6006103.99906106,Tributary to Morice River,Morice West FSR,,FLNR DND 9785,Closed Bottom Structure,Round Culvert,1.1,30,Yes,0.15,Yes,No,,2,0,0.1,Yes,1,2,5,No,Yes,Deep Fill,Medium,1.8,6,5,0,5,6,22,Barrier,Replace with New Open Bottom Structure,10,Observed 60mm fish swimming into the outlet.  Nicely embedded. Inlet drop of large cobbles may be issue for smaller fish. 16:54,pscis_phase1.xlsm,1014001002,16:54,2021-09-01T16:54:00Z,AI,14001002
32,2021-09-01,,14001000,AI,9,613231.060749796,6005506.00453529,Tributary to Morice River,Morice West FSR,,FLNR DND 9785,Open Bottom Structure,Bridge,12,6,,,,,,,,,,,,,,,,,0,0,0,0,0,0,0,Passable,,,Bridge. 17:30,pscis_phase1.xlsm,1014001000,17:30,2021-09-01T17:30:00Z,AI,14001000
33,2021-09-01,,14000997,AI,9,613579.004865246,6005551.00153148,Tributary to Morice River,Morice West FSR,,FLNR DND 9785,Closed Bottom Structure,Round Culvert,0.6,20,No,,No,No,,2.5,0.5,0,No,3.5,1.2,5,No,No,Deep Fill,Low,2,3,10,10,10,6,39,Barrier,Replace Structure with Streambed Simulation CBS,3,Dry. Small stream. DV point upstream in FISS.  May be flowing at point upstream. 17:41,pscis_phase1.xlsm,1014000997,17:41,2021-09-01T17:41:00Z,AI,14000997
34,2021-09-01,,14000988,AI,9,618098.093592168,6005788.07652503,Tributary to Morice River,Morice West FSR,,FLNR DND 9785,Open Bottom Structure,Bridge,7,27,,,,,,,,,,,,,,,,,0,3,0,0,0,0,3,Passable,,,Bridge with only 0.7 clearance at outlet. 18:07,pscis_phase1.xlsm,1014000988,18:07,2021-09-01T18:07:00Z,AI,14000988
35,2021-09-02,,14000931,AI,9,601878.166945633,5984146.46079706,Tributary to Nanika River,Spur,,Canfor R06951,Other,Ford,,,,,,,,,,,,,,,,,,,0,0,0,0,0,0,0,Unknown,,,Ford. 11:14,pscis_phase1.xlsm,1014000931,11:14,2021-09-02T11:14:00Z,AI,14000931
36,2021-09-02,,14000932,AI,9,602457.772060168,5984531.54446548,Tributary to Nanika River,Spur,,Canfor R06951,Closed Bottom Structure,Round Culvert,0.5,17,No,,No,No,,0.3,0,0,No,5,0.4,7,No,No,Deep Fill,Low,0.8,3,10,0,10,0,23,Barrier,Replace Structure with Streambed Simulation CBS,3,Cross ditch. Questioning fish point. Noted upstream in FISS. Not fish habitat. 11:24,pscis_phase1.xlsm,1014000932,11:24,2021-09-02T11:24:00Z,AI,14000932
37,2021-09-02,,14001721,AI,9,603204.585461657,5988285.56032964,Tributary to Nanika River,Spur,,Resource,Open Bottom Structure,Bridge,8,2,,,,,,,,,,,,,,,,,0,0,0,0,0,0,0,Passable,,,Temporary log bridge for ATVs. Within young cutblock. 11:51,pscis_phase1.xlsm,1014001721,11:51,2021-09-02T11:51:00Z,AI,14001721
38,2021-09-02,,14001775,AI,9,607923.557815757,5987440.56676002,Tributary to Nanika River,Spur,,Canfor R10644,Open Bottom Structure,Bridge,13,2,,,,,,,,,,,,,,,,,0,0,0,0,0,0,0,Passable,,,Quad bridge of logs and 2x6. 12:23,pscis_phase1.xlsm,1014001775,12:23,2021-09-02T12:23:00Z,AI,14001775
39,2021-09-02,,14001414,AI,9,607342.923959801,5987705.46989656,Tributary to Nanika River,Spur,,Canfor R10644,Closed Bottom Structure,Round Culvert,0.4,6,No,,No,No,,0.2,0,0.2,No,0,1,0,No,No,Deep Fill,Low,2.5,0,10,0,0,6,16,Potential,Replace Structure with Streambed Simulation CBS,3,Temporary road to cutblock. Suspect main stream flows elsewhere. This is dry currently but wetland type depression. Channel poorly defined. Drains to ground. 12:40,pscis_phase1.xlsm,1014001414,12:40,2021-09-02T12:40:00Z,AI,14001414
40,2021-09-02,,14001411,AI,9,607303.349099754,5987118.61816827,Tributary to Nanika River,Spur,,Canfor R10644,Open Bottom Structure,Bridge,5,11,,,,,,,,,,,,,,,,,0,0,0,0,0,0,0,Passable,,,Temporary bridge with wood abutments. 12:56,pscis_phase1.xlsm,1014001411,12:56,2021-09-02T12:56:00Z,AI,14001411
41,2021-09-02,,2021090299,AI,9,598684,5984563,,Spur,,Canfor R08817,Closed Bottom Structure,Round Culvert,1,15,No,,No,No,,0.3,0.1,0.25,No,3.5,0.9,10,No,No,Deep Fill,Low,0.9,3,10,0,10,0,23,Barrier,Replace Structure with Streambed Simulation CBS,3,Quad access. Dry. Fish points upstream. Very small system. 14:36,pscis_phase1.xlsm,2021090299,14:36,2021-09-02T14:36:00Z,AI,2021090299
42,2021-09-02,,14000536,AI,9,598400.618278612,5984485.49939631,Tributary to Nanika River,Spur,,Canfor R08817,Closed Bottom Structure,Round Culvert,1,16,No,,No,No,,1,0.2,0.01,No,2.5,0.8,5,No,No,Deep Fill,Low,0.8,3,10,5,5,0,23,Barrier,Replace Structure with Streambed Simulation CBS,3,Quad road (remove?). Some flow. Fish points upstream. 14:55,pscis_phase1.xlsm,1014000536,14:55,2021-09-02T14:55:00Z,AI,14000536
43,2021-08-31,,2021083150,KP AI,9,691168.99,6031457.8,Bulkley River Side Channel,Railway,,Canadian National,Closed Bottom Structure,Round Culvert,0.9,22,No,,No,Yes,100,3,0,0.85,No,0.2,3,0,Yes,No,Deep Fill,Medium,3.3,3,10,0,0,6,19,Potential,Replace Structure with Streambed Simulation CBS,3,Side channel of main stream. Shallow. Old beaver dam ~15m upstream. 100% backwatered. Top of outlet culvert is covered. 10:20,pscis_phase1.xlsm,2021083150,10:20,2021-08-31T10:20:00Z,KP,2021083150
44,2021-09-02,,2021090202,AI,9,605230,5992698,Tributary to McBride River,Spur,,Unknown,Open Bottom Structure,Bridge,10,5,,,,,,,,,,,,,,,,,0,0,0,0,0,0,0,Passable,,,Good flow. Nice stream. Not sure why it didn't map. 15:57,pscis_phase1.xlsm,2021090202,15:57,2021-09-02T15:57:00Z,AI,2021090202
45,2021-09-02,,14000312,AI,9,602253.548910824,5994059.35434074,Tributary to McBride River,Spur,,Canfor R10640,Other,Ford,,,,,,,,,,,,,,,,,,,0,0,0,0,0,0,0,Unknown,,,Road deactivated. No visible channel. 17:02,pscis_phase1.xlsm,1014000312,17:02,2021-09-02T17:02:00Z,AI,14000312
46,2021-09-02,,14000477,AI,9,602528.979064329,5994071.17782471,Tributary to McBride River,Spur,,Canfor R10640,Other,Ford,,,,,,,,,,,,,,,,,,,0,0,0,0,0,0,0,Unknown,,,Road deactivated. Channel moist. 17:06,pscis_phase1.xlsm,1014000477,17:06,2021-09-02T17:06:00Z,AI,14000477
47,2021-09-03,,14000564,AI,9,608289.827303896,6021336.30616663,Tributary to Thaulit River,Chisholm FSR,,West Fraser R05232,Open Bottom Structure,Bridge,18,5,,,,,,,,,,,,,,,,,0,0,0,0,0,0,0,Passable,,,Thautil River. 11:34,pscis_phase1.xlsm,1014000564,11:34,2021-09-03T11:34:00Z,AI,14000564
48,2021-09-03,,14000689,AI,9,608006.42109041,6018209.04953849,Hagman Creek,Chisholm FSR,,FLNR DND 9946,Open Bottom Structure,Bridge,18,5,,,,,,,,,,,,,,,,,0,0,0,0,0,0,0,Passable,,,Bridge. 13:40,pscis_phase1.xlsm,1014000689,13:40,2021-09-03T13:40:00Z,AI,14000689
49,2021-09-03,,14000695,AI,9,607829,6016958,Tributary to Thaulit River,Chisholm FSR,,FLNR DND 9946,Closed Bottom Structure,Round Culvert,0.5,16,No,,No,No,,2.5,0.7,0.3,No,4.5,2.2,6.5,No,No,Deep Fill,Medium,4.4,3,10,10,10,6,39,Barrier,Replace with New Open Bottom Structure,10,Models as non-fish but DV below. 13:55,pscis_phase1.xlsm,1014000695,13:55,2021-09-03T13:55:00Z,AI,14000695
50,2021-09-03,,14000684,AI,9,607024.318042504,6013942.08695879,Tributary to Thaulit River,Chisholm FSR,,FLNR DND 9946,Closed Bottom Structure,Round Culvert,0.6,15,No,,No,No,,0.5,0.1,0.1,No,1,1,1,No,No,Deep Fill,Low,1.7,3,10,0,5,6,24,Barrier,Replace Structure with Streambed Simulation CBS,3,Small intermittent drainage. 14:28,pscis_phase1.xlsm,1014000684,14:28,2021-09-03T14:28:00Z,AI,14000684
51,2021-09-03,,14000678,AI,9,608209,6010247,Tributary to Thaulit River,Chisholm FSR,41.1,FLNR DND 9946,Closed Bottom Structure,Oval Culvert,1.5,26,Yes,0.15,Yes,Yes,95,3,0,0.15,No,0.5,1.4,0,No,No,Deep Fill,Medium,0.9,3,5,0,0,0,8,Passable,,,WP375. Sedges almost completely block culvert. Likely passable at near all flows for all species and life stages. 14:47,pscis_phase1.xlsm,1014000678,14:47,2021-09-03T14:47:00Z,AI,14000678
52,2021-09-03,,14000680,AI,9,612913.407527168,6009066.92262356,Tributary to Morice River,Chisholm FSR,36.1,FLNR DND 9946,Open Bottom Structure,Bridge,8,5,,,,,,,,,,,,,,,,,0,0,0,0,0,0,0,Passable,,,Bridge. 15:14,pscis_phase1.xlsm,1014000680,15:14,2021-09-03T15:14:00Z,AI,14000680
53,2021-09-03,,14001323,AI,9,612980.546266009,6011439.16216904,Tributary to Tagit Creek,15 Rd,,West Fraser R05232,Other,Ford,,,,,,,,,,,,,,,,,,,0,0,0,0,0,0,0,Unknown,,,Deactivated road. ATV could get through. 15:40,pscis_phase1.xlsm,1014001323,15:40,2021-09-03T15:40:00Z,AI,14001323
54,2021-09-03,,2021090303,AI,9,614402,6010350,Tributary to Tagit Creek,11 Rd,,Charles Priest R20078,Closed Bottom Structure,Round Culvert,1.2,14,No,,No,No,,1.5,0.5,0.6,No,2.5,2,2.5,No,Yes,Deep Fill,Medium,1.7,0,10,10,5,6,31,Barrier,Replace with New Open Bottom Structure,10,Good flow. Nice gravels. Deep undercut banks. CT upstream and downstream in FISS. ~40mm fish upstream. 15:52,pscis_phase1.xlsm,2021090303,15:52,2021-09-03T15:52:00Z,AI,2021090303
55,2021-09-03,,2021090399,AI,9,614676,6007859,Tagit Creek,Chisholm FSR,,FLNR DND 9946,Open Bottom Structure,Bridge,19,5,,,,,,,,,,,,,,,,,0,0,0,0,0,0,0,Passable,,,Bridge. 16:27,pscis_phase1.xlsm,2021090399,16:27,2021-09-03T16:27:00Z,AI,2021090399
56,2021-09-03,,14001177,AI,9,620026.222664596,6010830.77371055,Tributatry to Morice River,False Tagit FSR,,FLNR DND 9946,Closed Bottom Structure,Oval Culvert,1.6,22,No,,No,No,,1.5,1.1,0.6,No,4.5,3,1,No,No,Deep Fill,Medium,1.9,3,10,10,10,6,39,Barrier,Replace with New Open Bottom Structure,10,Dry upstream but sizable channel. Cobble substrate. ~20 fish 50-80mm in outlet pool. 17:05,pscis_phase1.xlsm,1014001177,17:05,2021-09-03T17:05:00Z,AI,14001177
57,2021-09-03,,14000690,AI,9,625491.395483762,6008365.02844634,Tributary to Morice River,Chisholm FSR,19.5,FLNR DND 9946,Closed Bottom Structure,Round Culvert,1,24,No,,No,No,,1,0.35,0.5,Yes,4.5,2.1,6,No,No,Deep Fill,Low,2.1,3,10,10,10,6,39,Barrier,Replace with New Open Bottom Structure,10,Dry except small outlet pool. Cobble substrate. Some gravels present. 17:41,pscis_phase1.xlsm,1014000690,17:41,2021-09-03T17:41:00Z,AI,14000690
58,2021-09-03,,14001563,AI,9,630001.204559039,6009751.86078629,Tributary to Morice River,Spur,,Resource,Other,Ford,,,,,,,,,,,,,,,,,,,0,0,0,0,0,0,0,Unknown,,,Full deactivation. No ATV passability. 18:01,pscis_phase1.xlsm,1014001563,18:01,2021-09-03T18:01:00Z,AI,14001563
59,2021-09-03,,14000696,AI,9,630596.419208597,6010649.85927764,Tributary to Morice River,Chisholm FSR,,FLNR DND 9946,Closed Bottom Structure,Round Culvert,1.25,30,No,,No,Yes,25,3,0,0.6,No,0.5,1.7,3,No,No,Deep Fill,Medium,1.4,6,10,0,0,6,22,Barrier,Replace with New Open Bottom Structure,10,Nice stream downstream at deactivated crossing. Riparian shrub cover is extremely thick. Difficult to get width and gradient. Stream may be bigger. 18:13,pscis_phase1.xlsm,1014000696,18:13,2021-09-03T18:13:00Z,AI,14000696
60,2021-09-04,,1800422,AI,9,679525.365210868,6039648.97884587,Ailport Creek,Powerline,,Unclassified,Other,Ford,,,,,,,,,,,,,,,,,,,0,0,0,0,0,0,0,Unknown,,,Ford. 19:49,pscis_phase1.xlsm,1001800422,19:49,2021-09-04T19:49:00Z,AI,1800422
61,2021-09-05,,1801133,AI,9,674339.066400614,6039594.9908871,Tributary to Bulkley River,Spur,,Unclassified,Other,Ford,,,,,,,,,,,,,,,,,,,0,0,0,0,0,0,0,Unknown,,,Beaver dam. 12:41,pscis_phase1.xlsm,1001801133,12:41,2021-09-05T12:41:00Z,AI,1801133
62,2021-09-05,,1801969,AI,9,673797,6038906,Tributary to Elwin Lake,Spur,,Unclassified,Open Bottom Structure,Bridge,7,4,,,,,,,,,,,,,,,,,0,0,0,0,0,0,0,Passable,,,2 washed out CV's below. 13:20,pscis_phase1.xlsm,1001801969,13:20,2021-09-05T13:20:00Z,AI,1801969
63,2021-09-05,,1803828,AI,9,674549,6038014,Tributary to Bulkley River,Spur,,Solid Ground R12370,Open Bottom Structure,Bridge,15,5,,,,,,,,,,,,,,,,,0,0,0,0,0,0,0,Passable,,,Bridge. 13:47,pscis_phase1.xlsm,1001803828,13:47,2021-09-05T13:47:00Z,AI,1803828
64,2021-09-05,,1804238,AI,9,675156.006189835,6039878.01479524,Tributary to Bulkley River,Spur,,Solid Ground R12370,Open Bottom Structure,Bridge,19,4,,,,,,,,,,,,,,,,,0,0,0,0,0,0,0,Passable,,,Newer. 13:55,pscis_phase1.xlsm,1001804238,13:55,2021-09-05T13:55:00Z,AI,1804238
65,2021-09-13,,24704566,AI KP,9,605785.558938043,6099883.82711726,Corya Creek,Railway,,Unknown,Closed Bottom Structure,Round Culvert,3.4,24,No,,No,No,,1.5,0.65,3,No,2.5,18,2.8,Yes,No,Deep Fill,High,5.3,3,10,10,5,6,34,Barrier,Replace with New Open Bottom Structure,23,Outlet is cracked and drops. Inlet embedded to 2/3 way. 10:33,pscis_phase1.xlsm,1024704566,10:33,2021-09-13T10:33:00Z,AI,24704566
66,2021-09-15,,1805496,AI DN,9,609393,6087111,Owens Creek,CN Railway,,Canadian National,Open Bottom Structure,Bridge,12,5,,,,,,,,,,,,,,,,,0,0,0,0,0,0,0,Passable,,,Bridge. 11:50,pscis_phase1.xlsm,1001805496,11:50,2021-09-15T11:50:00Z,AI,1805496
67,2021-09-07,,14000798,KP,9,643460.29364101,6025889.54226387,Peacock Creek,Morice FSR,7.4,FLNR DND 4656,Closed Bottom Structure,Oval Culvert,3.6,15,No,,No,No,,3.5,1.2,0,No,3.5,9.3,4,No,No,Deep Fill,High,2.6,3,10,10,10,6,39,Barrier,Replace with New Open Bottom Structure,15.8,Historic side channel for fish passage not functioning. 17:47,pscis_phase1.xlsm,1014000798,17:47,2021-09-07T17:47:00Z,KP,14000798
68,2021-08-31,,1805531,KP AI,9,690763.807254078,6031192.33291792,Tributary to Bulkley River,Railway,,Canadian National,Closed Bottom Structure,Round Culvert,1.2,19,No,,No,No,,1,0.4,0.35,Yes,2,4,0,Yes,No,Deep Fill,Low,3.3,3,10,10,5,6,34,Barrier,Replace with New Open Bottom Structure,10,Beavers have clogged both inlets (double barrel). Significant sized marsh ~40m upstream with beaver dam 1.5 - 2m high on outlet of wetland. 9:40,pscis_phase1.xlsm,1001805531,9:40,2021-08-31T09:40:00Z,KP,1805531
69,2021-08-31,,1805529,KP AI,9,691218.308542116,6031478.40581406,Bulkley River,Railway,,Canadian National,Closed Bottom Structure,Round Culvert,1.5,21,No,,No,Yes,100,3,0,0.8,No,0.7,9,0,No,Yes,Deep Fill,High,6,3,10,0,0,6,19,Potential,Replace with New Open Bottom Structure,14,"Backwatered fully, appears fully passable. Fish sighted at outlet. Distance from water surface to top of culvert is 70cm. 9:58",pscis_phase1.xlsm,1001805529,9:58,2021-08-31T09:58:00Z,KP,1805529
70,2021-08-09,,14000820,LRH DM,9,617036.977202324,5997094.98725254,Tributary to Collins Lake,Morice R FSR,59,FLNR DND 4656,Closed Bottom Structure,Round Culvert,0.95,10,No,,No,No,,1.3,0.4,0.9,No,2,0.35,3,No,No,Deep Fill,Medium,0.4,0,10,10,5,0,25,Barrier,Replace Structure with Streambed Simulation CBS,3,"rock retaining wall (hand built), wood culvert, mainline, post code logging",pscis_phase1.xlsm,1014000820,"rock retaining wall (hand built), wood culvert, mainline, post code logging",,LRH,14000820
71,2021-08-31,,1800049,KP AI,9,692281.221010363,6032071.81772362,Bulkley River,Rose Lake Cuttoff Road,,MoTi Local,Open Bottom Structure,Bridge,12,9,,,,,,,,,,,,,,,,,0,0,0,0,0,0,0,Passable,,,Rose Lake cut-off bridge. 11:38,pscis_phase1.xlsm,1001800049,11:38,2021-08-31T11:38:00Z,KP,1800049
72,2021-08-31,,1800050,KP AI,9,692434.600752949,6032330.50974836,Taman Creek,Highway 16,,Highway,Closed Bottom Structure,Round Culvert,3,30,No,,No,No,,9.99,0,0.4,Yes,2.5,5.3,1.7,Yes,No,Deep Fill,Medium,1.8,6,10,0,5,6,27,Barrier,Replace with New Open Bottom Structure,31,"Beaver dam at inlet ~1.5m high. Rocks placed at outlet reducing drop to 0, rocks about long, and have stagged drop of 0.7m. 12:20",pscis_phase1.xlsm,1001800050,12:20,2021-08-31T12:20:00Z,KP,1800050
73,2021-08-31,,1801117,KP,9,690733.005845065,6032353.07784112,Bulkley River,Spur,,Unclassified,Open Bottom Structure,Bridge,11,4,,,,,,,,,,,,,,,,,0,0,0,0,0,0,0,Passable,,,Observed water pump and intake hose below bridge (downstream). 13:42,pscis_phase1.xlsm,1001801117,13:42,2021-08-31T13:42:00Z,KP,1801117
74,2021-08-31,,1800583,KP,9,689261.999559905,6033534.9500875,Bulkley River,Raymond Road,,Unclassified,Open Bottom Structure,Bridge,10,4,,,,,,,,,,,,,,,,,0,0,0,0,0,0,0,Passable,,,"Bridge at outflow of Conrad Lake, on Bulkley River. Access via Mulligan road, then start of Raymond Road. 14:08",pscis_phase1.xlsm,1001800583,14:08,2021-08-31T14:08:00Z,KP,1800583
75,2021-08-31,,1803813,KP,9,684415.023861442,6035809.07098618,Tributary to Broman Lake,Broman Lake FSR,2.75,Chinook Comfor R21201,Closed Bottom Structure,Round Culvert,0.6,13,No,,No,No,,0.5,0.18,0.5,Yes,4,0.7,5,No,No,Deep Fill,Low,1.2,0,10,5,10,3,28,Barrier,Replace Structure with Streambed Simulation CBS,3,"Just before km 3. Inlet embedded with vegetation ~0.2m. Channel dry, small amount of water in pool downstream. ~5cm. Hard to see channel downstream. 15:14",pscis_phase1.xlsm,1001803813,15:14,2021-08-31T15:14:00Z,KP,1803813
76,2021-08-31,,1805000,KP,9,685301.02751711,6036064.9992093705,Bulkley River,Broman Lake FSR,3.5,Chinook Comfor R21201,Open Bottom Structure,Pipe Arch,1.8,30,,,,,,,,,,,,,No,No,,,0,6,0,0,0,0,6,Passable,,,"Channel mostly dry. Pool at inlet and another 30m upstream. Water depth 22cm at inlet. Pool at outlet and water throughout culvert. Open bottomed pipe arch. Looks very passable. Additional closed bottom structure higher and beside (river right), doesn't appear to get use. 15:56",pscis_phase1.xlsm,1001805000,15:56,2021-08-31T15:56:00Z,KP,1805000
77,2021-08-31,,1802040,KP,9,684950.083472147,6035440.02810093,Tributary to Broman Lake,Powerline,,Unclassified,Closed Bottom Structure,Round Culvert,0.6,8,No,,No,No,,0.3,0,0.6,No,2,0.8,2,No,No,Deep Fill,Low,1.3,0,10,0,5,6,21,Barrier,Replace Structure with Streambed Simulation CBS,3,"Powerline ascend via Broman Lake road, does not have outlet drop but does have gentle height change that could be a challenge for passage. Channel upstream dry, downstream dry except 5-10cm pool. Salamander young found in outlet pool. 16:27",pscis_phase1.xlsm,1001802040,16:27,2021-08-31T16:27:00Z,KP,1802040
78,2021-08-31,,1802039,KP,9,685413.522101045,6035362.11887993,Bulkley River,Powerline,,Unclassified,Open Bottom Structure,Bridge,11,5,,,,,,,,,,,,,,,,,0,0,0,0,0,0,0,Passable,,,Powerline accessed via Broman Lake FSR bridge. 16:55,pscis_phase1.xlsm,1001802039,16:55,2021-08-31T16:55:00Z,KP,1802039
79,2021-08-31,,1800356,KP,9,680383.186901716,6040055.50832789,Watson Creek,Highway 16,,Highway,Closed Bottom Structure,Round Culvert,0.9,33,No,,No,No,,3,0.93,0.92,No,3,2.2,2,No,No,Deep Fill,Low,2.4,6,10,10,10,6,42,Barrier,Replace with New Open Bottom Structure,10,Channel dry. Small pool at inlet. Inlet perched above water 3cm and substrate 17cm. Channel upstream is not aligned with culvert at all. 17:24,pscis_phase1.xlsm,1001800356,17:24,2021-08-31T17:24:00Z,KP,1800356
80,2021-08-31,,1801122,KP,9,680832.00003985,6040044.96251811,Ailport Creek,Private Driveway,,Unclassified,Closed Bottom Structure,Round Culvert,3,10,No,,No,No,,0.5,0.3,1.45,No,4,6.5,3,No,No,Deep Fill,Medium,2.2,0,10,10,10,6,36,Barrier,Replace with New Open Bottom Structure,11.5,"Dredging upstream, channel width not natural. Signs of major flooding including wear on upstream sides of culvert. No riparian zone on river left upstream. Culvert 4% but has bend at last 2m outlet drop and outlet pool depth are estimates. This stream could use some restoration. 17:46",pscis_phase1.xlsm,1001801122,17:46,2021-08-31T17:46:00Z,KP,1801122
81,2021-08-31,,1800355,KP,9,680644.76798266894,6039755.55475514,Ailport Creek,Highway 16,,Highway,Closed Bottom Structure,Oval Culvert,3.5,23,No,,No,Yes,50,3,0,0.55,No,2,7.5,4,No,Yes,Deep Fill,High,2.1,3,10,0,5,6,24,Barrier,Replace with New Open Bottom Structure,12.5,"Fish sighted upstream, not aligned with stream, channel runs into rip rap berm of highway then over to closed bottom structure. Pool (40cn) on upstream inlet. Fish sighted in downstream pool. 18:16",pscis_phase1.xlsm,1001800355,18:16,2021-08-31T18:16:00Z,KP,1800355
82,2021-09-01,,2021090150,KP,9,592509.83,6004822.95,Tributary to Gosnell Creek,Crystal Creek FSR,,Unknown,Open Bottom Structure,Bridge,11,5,,,,,,,,,,,,,,,,,0,0,0,0,0,0,0,Passable,,,Bridge. 11:10,pscis_phase1.xlsm,2021090150,11:10,2021-09-01T11:10:00Z,KP,2021090150
83,2021-09-01,,14000935,KP,9,592921.92,6005009.31,Tributary to Gosnell Creek,Crystal Creek FSR,,Unknown,Open Bottom Structure,Bridge,10,5,,,,,,,,,,,,,,,,,0,0,0,0,0,0,0,Passable,,,Bridge. 11:17,pscis_phase1.xlsm,1014000935,11:17,2021-09-01T11:17:00Z,KP,14000935
84,2021-09-01,,14000934,KP,9,595765.26,6006121.52,Tributary to Gosnell Creek,Crystal Creek FSR,,Unknown,Open Bottom Structure,Bridge,10,5,,,,,,,,,,,,,,,,,0,0,0,0,0,0,0,Passable,,,Bridge. 11:33,pscis_phase1.xlsm,1014000934,11:33,2021-09-01T11:33:00Z,KP,14000934
85,2021-09-01,,14000956,KP,9,596610.530581706,6006122.91961872,Tributary to Gosnell Creek,Crystal Creek FSR,,FLNR DND 9785,Closed Bottom Structure,Round Culvert,2,23,Yes,0.3,Yes,No,,2.5,0,0.1,No,2,0.9,6,No,No,Deep Fill,Medium,0.4,3,5,0,5,0,13,Passable,,,Appears passable. Nice little stream with plenty of gravel. 11:38,pscis_phase1.xlsm,1014000956,11:38,2021-09-01T11:38:00Z,KP,14000956
86,2021-09-01,,14000951,KP,9,596697.95,6006213.34,Tributary to Gosnell Creek,Crystal Creek FSR,,FLNR DND 9785,Closed Bottom Structure,Round Culvert,2,24,Yes,0.4,Yes,Yes,25,2,0,0.2,No,1.5,1.9,6,No,No,Deep Fill,Medium,0.9,3,5,0,5,0,13,Passable,,,Appears passable. Similar to previous but bigger stream. Nice gravels on both sides. 11:55,pscis_phase1.xlsm,1014000951,11:55,2021-09-01T11:55:00Z,KP,14000951
87,2021-09-01,,14000941,KP,9,598157.43,6006328.79,Tributary to Gosnell Creek,Crystal Creek FSR,,FLNR DND 9785,Closed Bottom Structure,Round Culvert,1.8,24,Yes,0.3,Yes,Yes,25,1,0,0.2,No,3.5,2.2,4,No,No,Deep Fill,Medium,1.2,3,5,0,10,3,21,Barrier,Replace with New Open Bottom Structure,10,"Only left (facing downstream) is embedded, right one backwatered 25%. Nice gravel on upstream and downstream side. 12:23",pscis_phase1.xlsm,1014000941,12:23,2021-09-01T12:23:00Z,KP,14000941
88,2021-09-01,,14000488,KP,9,584581.043051868,6003387.65586833,Tributary to Gosnell Creek,Crystal Creek FSR,,Canfor R07593,Open Bottom Structure,Bridge,5,12,,,,,,,,,,,,,,,,,0,0,0,0,0,0,0,Passable,,,Bridge. 14:19,pscis_phase1.xlsm,1014000488,14:19,2021-09-01T14:19:00Z,KP,14000488
89,2021-09-01,,14000503,KP,9,584043.6,6003654.76,Tributary to Gosnell Creek,6 Road,,Canfor R07593,Open Bottom Structure,Bridge,22,6,,,,,,,,,,,,,,,,,0,0,0,0,0,0,0,Passable,,,Bridge. 14:38,pscis_phase1.xlsm,1014000503,14:38,2021-09-01T14:38:00Z,KP,14000503
90,2021-09-01,,14000500,KP,9,584889.52,6003492.18,Tributary to Gosnell Creek,6 Road,,Canfor R07593,Open Bottom Structure,Bridge,19,5,,,,,,,,,,,,,,,,,0,0,0,0,0,0,0,Passable,,,Bridge. 14:46,pscis_phase1.xlsm,1014000500,14:46,2021-09-01T14:46:00Z,KP,14000500
91,2021-09-01,,14000495,KP,9,585701.72,6004479.91,Tributary to Gosnell Creek,6 Road,,Canfor R07593,Open Bottom Structure,Bridge,16,6,,,,,,,,,,,,,,,,,0,0,0,0,0,0,0,Passable,,,Bridge. 15:03,pscis_phase1.xlsm,1014000495,15:03,2021-09-01T15:03:00Z,KP,14000495
92,2021-09-01,,14000421,KP,9,587108.396357543,6005345.60344966,Tributary to Gosnell Creek,11 Road,,Canfor R07593,Open Bottom Structure,Bridge,20,6,,,,,,,,,,,,,,,,,0,0,0,0,0,0,0,Passable,,,Hydrometric station 13m downstream assuming the modelling number is correct. There are 2 close by. 15:12,pscis_phase1.xlsm,1014000421,15:12,2021-09-01T15:12:00Z,KP,14000421
93,2021-09-01,,14000505,KP,9,587095.15,6005361.87,Tributary to Gosnell Creek,6 Road,,Canfor R07593,Open Bottom Structure,Bridge,18,6,,,,,,,,,,,,,,,,,0,0,0,0,0,0,0,Passable,,,Bridge. 15:19,pscis_phase1.xlsm,1014000505,15:19,2021-09-01T15:19:00Z,KP,14000505
94,2021-09-07,,14000801,AI,9,640778,6020795,Tributary to Morice River,Morice FSR,13.8,FLNR DND 4656,Closed Bottom Structure,Round Culvert,1.35,19,No,,No,No,,2,0,0,Yes,3,2.2,1.5,No,Yes,Deep Fill,Medium,1.6,3,10,0,10,6,29,Barrier,Replace with New Open Bottom Structure,10,Concrete structure. Many 30-40mm fry. 2.5m open bottom structure end or pipe. 18:08,pscis_phase1.xlsm,1014000801,18:08,2021-09-07T18:08:00Z,AI,14000801
95,2021-09-01,,14000490,KP,9,587080.73,6005468.44,Tributary to Gosnell Creek,6 Road,,Canfor R07593,Open Bottom Structure,Bridge,13,6,,,,,,,,,,,,,,,,,0,0,0,0,0,0,0,Passable,,,Bridge. 15:29,pscis_phase1.xlsm,1014000490,15:29,2021-09-01T15:29:00Z,KP,14000490
96,2021-09-01,,14000506,KP,9,587368.16,6005868.97,Tributary to Gosnell Creek,6 Road,19,Canfor R07593,Closed Bottom Structure,Round Culvert,1.2,25,No,,No,No,,7,0,0,Yes,8,0.8,6.5,No,No,Deep Fill,Medium,0.7,3,10,0,10,0,23,Barrier,Replace Structure with Streambed Simulation CBS,3,Outlet drop 0.3m. Outlet buried with rip rap fallen from road and surrounding armour. 15:37,pscis_phase1.xlsm,1014000506,15:37,2021-09-01T15:37:00Z,KP,14000506
97,2021-09-01,,2021090161,KP,9,587307.55,6005829.99,Tributary to Gosnell Creek,6 Road,19,Canfor R07593,Closed Bottom Structure,Round Culvert,0.9,30,No,,No,No,,2,0,0,No,10,0.5,6,No,No,Deep Fill,Low,0.6,6,10,0,10,0,26,Barrier,Replace Structure with Streambed Simulation CBS,3,"Very close to previous. Very small channelled stream, trickling. 15:51",pscis_phase1.xlsm,2021090161,15:51,2021-09-01T15:51:00Z,KP,2021090161
98,2021-09-01,,14000494,KP,9,588957.380100635,6007080.71076213,Tributary to Gosnell Creek,6 Road,,Canfor R07593,Open Bottom Structure,Bridge,28,7,,,,,,,,,,,,,,,,,0,0,0,0,0,0,0,Passable,,,Bridge. 16:13,pscis_phase1.xlsm,1014000494,16:13,2021-09-01T16:13:00Z,KP,14000494
99,2021-09-01,,14000481,KP,9,589783.611763289,6007797.93901131,Tributary to Gosnell Creek,6 Road,16,Canfor R07593,Closed Bottom Structure,Round Culvert,0.9,16,No,,No,Yes,10,1,0,0.15,No,5,1.1,6,No,No,Deep Fill,Medium,1.2,3,10,0,10,3,26,Barrier,Replace Structure with Streambed Simulation CBS,3,Very recently logged upstream and downstream. 16:23,pscis_phase1.xlsm,1014000481,16:23,2021-09-01T16:23:00Z,KP,14000481
100,2021-09-01,,14000486,KP,9,590552.054604361,6008295.40299194,Tributary to Gosnell Creek,6 Road,14.5,Canfor R07593,Closed Bottom Structure,Round Culvert,2.2,25,Yes,0.75,Yes,No,,1.5,0,0.2,No,3,0.8,6.5,No,No,Deep Fill,Medium,0.4,3,0,0,10,0,13,Passable,,,"Estimated length, missed in field. All culverts on road were >20m due to size of road. 16:37",pscis_phase1.xlsm,1014000486,16:37,2021-09-01T16:37:00Z,KP,14000486
101,2021-09-01,,14000487,KP,9,590984.970368182,6008507.9976773,Tributary to Gosnell Creek,6 Road,,Canfor R07593,Open Bottom Structure,Bridge,22,6,,,,,,,,,,,,,,,,,0,0,0,0,0,0,0,Passable,,,Check utm. 16:52,pscis_phase1.xlsm,1014000487,16:52,2021-09-01T16:52:00Z,KP,14000487
102,2021-09-01,,14000492,KP,9,591945.688603845,6008758.0333737,Tributary to Gosnell Creek,6 Road,,Canfor R07593,Open Bottom Structure,Bridge,11,6,,,,,,,,,,,,,,,,,0,0,0,0,0,0,0,Passable,,,Bridge. 17:00,pscis_phase1.xlsm,1014000492,17:00,2021-09-01T17:00:00Z,KP,14000492
103,2021-09-01,,14000507,KP,9,593237.314964036,6009679.1759592,Tributary to Gosnell Creek,6 Road,13,Canfor R07593,Closed Bottom Structure,Round Culvert,1.5,24,No,,No,No,,1,0,0.15,No,5,1.8,7,No,No,Deep Fill,Medium,1.2,3,10,0,10,3,26,Barrier,Replace Structure with Streambed Simulation CBS,3,Channel dry upstream. 3 toads in outlet pool. 17:12,pscis_phase1.xlsm,1014000507,17:12,2021-09-01T17:12:00Z,KP,14000507
104,2021-09-01,,14001125,KP,9,598080.779508338,6016791.02861509,Tributary to Gosnell Creek,6 Road,,Canfor R10645,Open Bottom Structure,Bridge,35,6,,,,,,,,,,,,,,,,,0,0,0,0,0,0,0,Passable,,,Bridge. 17:36,pscis_phase1.xlsm,1014001125,17:36,2021-09-01T17:36:00Z,KP,14001125
105,2021-09-02,,14001161,KP AI,9,605511.019209776,5992667.03867264,McBride Creek,Nanika FSR,,FLNR DND 4656,Closed Bottom Structure,Oval Culvert,3.9,16,No,,No,No,,0.8,0.05,0.8,No,0.5,9,2,No,No,Deep Fill,High,2.3,3,10,0,0,6,19,Potential,Replace with New Open Bottom Structure,14,Laser level for slope. Channel width difficult to measure due to vegetation. 9:43,pscis_phase1.xlsm,1014001161,9:43,2021-09-02T09:43:00Z,KP,14001161
106,2021-09-02,,14000576,KP,9,602436.935053888,5984669.06221093,Tributary to Nanika River,Spur,,Canfor R06951,Open Bottom Structure,Bridge,11,5,,,,,,,,,,,,,,,,,0,0,0,0,0,0,0,Passable,,,Bridge. 11:08,pscis_phase1.xlsm,1014000576,11:08,2021-09-02T11:08:00Z,KP,14000576
107,2021-09-02,,14001009,KP,9,602775.8,5984983.39,Tributary to Nanika River,9 Road,,Canfor R06951,Closed Bottom Structure,Round Culvert,1,16,No,,No,No,,1,0,0.22,Yes,5,0.5,8,No,No,Deep Fill,Low,0.5,3,10,0,10,0,23,Barrier,Replace Structure with Streambed Simulation CBS,3,"Dry channel, difficult to locate channel upstream. Inlet drop 0.3m. Appears it could be backwatered when there is flow. Outlet partially embedded on <3m in. 11:22",pscis_phase1.xlsm,1014001009,11:22,2021-09-02T11:22:00Z,KP,14001009
108,2021-09-02,,14000582,KP,9,601366.59,5986579.62,Tributary to Nanika River,Nanika FSR,,Canfor R06951,Closed Bottom Structure,Round Culvert,0.6,20,No,,No,No,,1,0.1,0.2,No,5,0.5,5,No,No,Deep Fill,Low,0.8,3,10,0,10,0,23,Barrier,Replace Structure with Streambed Simulation CBS,3,Poorly defined channel unlikely fish habitat. Dry. 11:45,pscis_phase1.xlsm,1014000582,11:45,2021-09-02T11:45:00Z,KP,14000582
109,2021-09-02,,14001163,KP,9,603639.995218914,5988349.04598132,Tributary to Nanika River,Nanika FSR,,FLNR DND 4656,Open Bottom Structure,Bridge,17,6,,,,,,,,,,,,,,,,,0,0,0,0,0,0,0,Passable,,,Bridge. 12:02,pscis_phase1.xlsm,1014001163,12:02,2021-09-02T12:02:00Z,KP,14001163
110,2021-09-02,,14001078,KP,9,605308.025527799,5987253.96121412,Tributary to Nanika River,Spur,,Canfor R06951,Closed Bottom Structure,Round Culvert,1.2,10,No,,No,No,,0.5,0,0,Yes,3,0.8,4,No,No,Deep Fill,Low,0.7,0,10,0,10,0,20,Barrier,Replace Structure with Streambed Simulation CBS,3,"Dry channel, stream slope estimated. Outlet drop .15m. 12:12",pscis_phase1.xlsm,1014001078,12:12,2021-09-02T12:12:00Z,KP,14001078
111,2021-09-02,,14001080,KP,9,605496.7,5986869.84,Tributary to Nanika River,Spur,,Unknown,Open Bottom Structure,Bridge,10,5,,,,,,,,,,,,,,,,,0,0,0,0,0,0,0,Passable,,,Location much different than map. 12:25,pscis_phase1.xlsm,1014001080,12:25,2021-09-02T12:25:00Z,KP,14001080
112,2021-09-02,,14001077,KP,9,605388.965806227,5986594.89858715,Tributary to Nanika River,Spur,,Canfor R06951,Closed Bottom Structure,Round Culvert,0.6,10,Yes,0.2,No,No,,0.5,0.1,0.15,No,4,1,7,No,No,Deep Fill,Low,1.7,0,5,0,10,6,21,Barrier,Replace Structure with Streambed Simulation CBS,3,"Dry, hard to see channel. More of a maintenance culvert, completed due to fish data upstream. No real channel. Embedment is fines more erosional deposit. 12:30",pscis_phase1.xlsm,1014001077,12:30,2021-09-02T12:30:00Z,KP,14001077
113,2021-09-02,,14000865,KP,9,606426.18,5986782,Tributary to Nanika River,Spur,,Canfor R10644,Closed Bottom Structure,Round Culvert,0.9,11,No,,No,No,,0.2,0.18,0.6,Yes,6,1.8,7,No,No,Deep Fill,Medium,2,0,10,5,10,6,31,Barrier,Replace Structure with Streambed Simulation CBS,3,"Stream has good flow, well developed channel. 12:50",pscis_phase1.xlsm,1014000865,12:50,2021-09-02T12:50:00Z,KP,14000865
114,2021-09-02,,14000535,KP,9,599263.693457292,5984698.51352049,Tributary to Nanika River,1 Road,,Canfor R08817,Closed Bottom Structure,Round Culvert,0.9,14,No,,No,No,,0.75,0.8,0.15,No,5,1,8,No,No,Deep Fill,Low,1.1,0,10,10,10,3,33,Barrier,Replace Structure with Streambed Simulation CBS,3,"Channel dry , hard to find. Unlikely fish habitat. Culvert deformed. 14:35",pscis_phase1.xlsm,1014000535,14:35,2021-09-02T14:35:00Z,KP,14000535
115,2021-09-02,,14000450,KP,9,599516.303970371,5985581.74782535,Tributary to Nanika River,4 Road,,FLNR DND 4656,Open Bottom Structure,Bridge,26,5,,,,,,,,,,,,,,,,,0,0,0,0,0,0,0,Passable,,,Bridge. 14:47,pscis_phase1.xlsm,1014000450,14:47,2021-09-02T14:47:00Z,KP,14000450
116,2021-09-02,,14000443,KP,9,599738.19,5986408.53,Tributary to Nanika River,4 Road,8,FLNR DND 4656,Closed Bottom Structure,Round Culvert,1.6,22,No,,No,No,,2.5,0.4,0.7,No,6,2.2,7,No,No,Deep Fill,Low,1.4,3,10,10,10,6,39,Barrier,Replace with New Open Bottom Structure,10,"Dry channel. Another culvert ~5m away, higher and smaller for flood or overflow. Outlet pool big, stream experiences high seasonal variation. 15:03",pscis_phase1.xlsm,1014000443,15:03,2021-09-02T15:03:00Z,KP,14000443
117,2021-09-02,,14001052,KP,9,604443.075809641,5995222.02377608,Tributary to McBride River,Morice FSR,,Canfor R10640,Closed Bottom Structure,Round Culvert,1.2,14,No,,No,No,,0.2,0,0,Yes,0.5,1.2,0.5,Yes,No,Deep Fill,Medium,1,0,10,0,0,3,13,Passable,,,"Beaver clogged inlet, with potentially a beaver lodge built on it. No water flowing through. Culvert broken in several places. Looks like old beaver fence on inlet, not effective. Large wetland upstream and downstream. 16:02",pscis_phase1.xlsm,1014001052,16:02,2021-09-02T16:02:00Z,KP,14001052
118,2021-09-02,,14000777,KP,9,605156.995533666,5994783.02459006,Tributary to McBride River,Morice FSR,,FLNR DND 4656,Closed Bottom Structure,Round Culvert,0.7,13,No,,Yes,Yes,100,0.5,0,0,No,0.5,0.7,0.5,No,No,Deep Fill,Medium,1,0,10,0,0,3,13,Passable,,,"Wetland like habitat above and below, culvert is made of wood but intact. Damage on top of culvert on outlet (missing plank). 16:24",pscis_phase1.xlsm,1014000777,16:24,2021-09-02T16:24:00Z,KP,14000777
119,2021-09-02,,14000779,KP,9,605675.020205176,5993744.06178284,Tributary to McBride River,Morice FSR,,FLNR DND 4656,Closed Bottom Structure,Round Culvert,0.9,10,No,,Yes,No,,0.3,0,0,No,0.5,0.9,0.5,No,No,Deep Fill,Medium,1,0,10,0,0,3,13,Passable,,,"Wetland habitat on both sides of crossing. Inlet hard to find, has major vegetation growth coming out of it and is ~1m higher than upstream substrate. Channel dry, likely backwatered for spring flow. 16:38",pscis_phase1.xlsm,1014000779,16:38,2021-09-02T16:38:00Z,KP,14000779
120,2021-09-03,,14000565,KP,9,608574.327669388,6022388.51304877,Tributary to Thautil River,Chisholm FSR,56.8,West Fraser R05232,Open Bottom Structure,Bridge,13,4,,,,,,,,,,,,,,,,,0,0,0,0,0,0,0,Passable,,,Bridge. 11:20,pscis_phase1.xlsm,1014000565,11:20,2021-09-03T11:20:00Z,KP,14000565
121,2021-09-03,,14000562,KP,9,608138.088858204,6020911.19909544,Tributary to Thautil River,Chisholm FSR,53,West Fraser R05232,Closed Bottom Structure,Round Culvert,1.2,25,No,,No,No,,4.5,0.19,0,Yes,5,1.3,10,No,Yes,Deep Fill,Medium,1.1,3,10,5,10,3,31,Barrier,Replace Structure with Streambed Simulation CBS,3,Inlet drop 0.07m. Nice flowing stream. Lots of fill. Rocks at outlet increase challenge for upstream movement. 11:38,pscis_phase1.xlsm,1014000562,11:38,2021-09-03T11:38:00Z,KP,14000562
122,2021-09-03,,14000702,KP,9,607585,6016381,Tributary to Thautil River,Chisholm FSR,47.5,FLNR DND 9946,Open Bottom Structure,Bridge,25,5,,,,,,,,,,,,,,,,,0,0,0,0,0,0,0,Passable,,,Bridge. 14:22,pscis_phase1.xlsm,1014000702,14:22,2021-09-03T14:22:00Z,KP,14000702
123,2021-09-03,,14000685,KP,9,607508.98882273,6013246.58238726,Tributary to Thautil River,Chisholm FSR,44,FLNR DND 9946,Open Bottom Structure,Bridge,11,4,,,,,,,,,,,,,,,,,0,0,0,0,0,0,0,Passable,,,Bridge. 14:33,pscis_phase1.xlsm,1014000685,14:33,2021-09-03T14:33:00Z,KP,14000685
124,2021-09-03,,14000669,KP,9,607690.181565957,6012188.72947563,Tributary to Thautil River,Chisholm FSR,43,FLNR DND 9946,Closed Bottom Structure,Round Culvert,1,12,No,,No,No,,2.5,0.12,0.5,Yes,4.5,1.6,5,No,No,Deep Fill,Medium,1.6,0,10,0,10,6,26,Barrier,Replace Structure with Streambed Simulation CBS,3,"Initially ~1.6m channel, then ~40m upstream goes underground and channel down to 1.1 or 0.9m. Inlet drop ~0.25m in front of inlet. Culvert slope challenging due to angle and deformed middle of culvert. 14:46",pscis_phase1.xlsm,1014000669,14:46,2021-09-03T14:46:00Z,KP,14000669
125,2021-09-03,,14000688,KP,9,614148.157999637,6008425.05042163,Tributary to Thautil River,Chisholm FSR,35,FLNR DND 9946,Closed Bottom Structure,Round Culvert,0.6,16,No,,No,No,,2.5,0,0,No,5,0,4,No,No,Deep Fill,Low,0,3,10,0,10,0,23,Barrier,Replace Structure with Streambed Simulation CBS,3,No channel found downstream. Not fish habitat. No channel upstream either. 15:28,pscis_phase1.xlsm,1014000688,15:28,2021-09-03T15:28:00Z,KP,14000688
126,2021-09-03,,14000546,KP,9,614944.716968224,6010128.71519922,Tagit Creek,Spur,3.5,FLNR DND 9946,Open Bottom Structure,Bridge,17,4,,,,,,,,,,,,,,,,,0,0,0,0,0,0,0,Passable,,,Bridge. 15:52,pscis_phase1.xlsm,1014000546,15:52,2021-09-03T15:52:00Z,KP,14000546
127,2021-09-03,,14001769,KP,9,614711.475132196,6009970.73163075,Tributary to Tagit Creek,5 Road,2.54,Resource,Closed Bottom Structure,Round Culvert,1,11,No,,No,Yes,10,2,0,0.3,Yes,3.5,1.4,4.5,No,No,Deep Fill,Medium,1.4,0,10,0,10,6,26,Barrier,Replace Structure with Streambed Simulation CBS,3,"No beaver activity observed but suspected beaver dam upstream due to slow/low flow, and reddish brown algae observed at other beaver site. Inlet drop 0.27. Backwatered a little with pool downstream. Slope tough due to big bend in middle of culvert. 16:04",pscis_phase1.xlsm,1014001769,16:04,2021-09-03T16:04:00Z,KP,14001769
128,2021-09-03,,14001103,KP,9,614567.806292471,6008395.59468217,Tributary to Tagit Creek,5 Road,1,FLNR DND 9946,Open Bottom Structure,Bridge,12,4,,,,,,,,,,,,,,,,,0,0,0,0,0,0,0,Passable,,,Bridge. 16:25,pscis_phase1.xlsm,1014001103,16:25,2021-09-03T16:25:00Z,KP,14001103
129,2021-09-03,,14001175,KP,9,620580.197439727,6010857.32642852,Tributary to Tagit Creek,False Tagit FSR,,FLNR DND 9946,Open Bottom Structure,Bridge,10,4,,,,,,,,,,,,,,,,,0,0,0,0,0,0,0,Passable,,,Bridge. 16:59,pscis_phase1.xlsm,1014001175,16:59,2021-09-03T16:59:00Z,KP,14001175
130,2021-09-03,,14000677,KP,9,619787.886433508,6008368.73051993,Tributary to Thautil River,Chisholm FSR,28.5,FLNR DND 9946,Open Bottom Structure,Bridge,12,4,,,,,,,,,,,,,,,,,0,0,0,0,0,0,0,Passable,,,Bridge. 17:13,pscis_phase1.xlsm,1014000677,17:13,2021-09-03T17:13:00Z,KP,14000677
131,2021-09-03,,14000697,KP,9,620771.277251936,6007645.38060639,Tributary to Thautil River,Chisholm FSR,27,FLNR DND 9946,Closed Bottom Structure,Round Culvert,0.5,13,No,,No,No,,1,0.05,0.12,No,3,0.7,7,No,No,Deep Fill,Low,1.4,0,10,0,10,6,26,Barrier,Replace Structure with Streambed Simulation CBS,3,Dry channel. Upstream channel not well defined. Slope of stream estimated. Unlikely fish bearing. 17:20,pscis_phase1.xlsm,1014000697,17:20,2021-09-03T17:20:00Z,KP,14000697
132,2021-09-03,,14000692,KP,9,625143.84044261,6007956.0146199,Tributary to Thautil River,Chisholm FSR,22.5,FLNR DND 9946,Open Bottom Structure,Bridge,10,4,,,,,,,,,,,,,,,,,0,0,0,0,0,0,0,Passable,,,Bridge. 17:38,pscis_phase1.xlsm,1014000692,17:38,2021-09-03T17:38:00Z,KP,14000692
133,2021-09-03,,14000683,KP,9,627065.034606704,6008379.69787646,Tributary to Thautil River,Chisholm FSR,20,FLNR DND 9946,Closed Bottom Structure,Round Culvert,1.2,17,No,,No,No,,2,0.12,0.17,No,3.5,1.1,5,No,No,Deep Fill,Low,0.9,3,10,0,10,0,23,Barrier,Replace Structure with Streambed Simulation CBS,3,No water flowing however pools of stagnant water throughout. Culvert bent in the middle and appears to have some substrate and stagnant water in the middle. 17:49,pscis_phase1.xlsm,1014000683,17:49,2021-09-03T17:49:00Z,KP,14000683
134,2021-09-03,,14000694,KP,9,628708,6009766,Tributary to Thautil River,Chisholm FSR,18,FLNR DND 9946,Closed Bottom Structure,Round Culvert,1,21,No,,No,No,,1,0,0,Yes,5,0.9,7,No,No,Deep Fill,Low,0.9,3,10,0,10,0,23,Barrier,Replace Structure with Streambed Simulation CBS,3,"Dry channel, upstream slope estimated. Inlet drop 0.2m. Culvert slope difficult to get due to misshapen structure. Outlet embedded a little bit. 18:09",pscis_phase1.xlsm,1014000694,18:09,2021-09-03T18:09:00Z,KP,14000694
135,2021-08-11,,14000823,LRH DM,9,623571.012187222,6001711.02848943,Tributary to Lamprey Creek,Morice FSR,48,FLNR DND 4656,Closed Bottom Structure,Round Culvert,0.7,12,No,,No,No,,1.5,0.05,0.45,Yes,2,1,15,No,No,Deep Fill,Low,1.4,0,10,0,5,6,21,Barrier,Replace Structure with Streambed Simulation CBS,3,Water flowing in channel up and down stream.,pscis_phase1.xlsm,1014000823,,,LRH,14000823
136,2021-09-05,,1801166,KP,9,675438.9458671,6044630.07625847,Cesford Creek,Spur,,Unclassified,Other,Ford,,,,,,,,,,,,,,,,,,,0,0,0,0,0,0,0,Unknown,,,Ford. 13:01,pscis_phase1.xlsm,1001801166,13:01,2021-09-05T13:01:00Z,KP,1801166
137,2021-09-05,,1801165,KP,9,675402.007193414,6044908.99698254,McRea Creek,Spur,,Unclassified,Other,Ford,,,,,,,,,,,,,,,,,,,0,0,0,0,0,0,0,Unknown,,,Ford. 13:21,pscis_phase1.xlsm,1001801165,13:21,2021-09-05T13:21:00Z,KP,1801165
138,2021-09-06,,14000395,KP AI VJ TP,9,605863.803508135,6023574.4645500705,Tributary to Gabriel Creek,Thautil FSR,,West Fraser R03753,Closed Bottom Structure,Round Culvert,0.4,11,No,,No,Yes,50,1.5,0,0,No,1.5,0.67,4,No,No,Deep Fill,Low,1.7,0,10,0,5,6,21,Barrier,Replace Structure with Streambed Simulation CBS,3,"Small stream, trickling at current water level. 11:44",pscis_phase1.xlsm,1014000395,11:44,2021-09-06T11:44:00Z,KP,14000395
139,2021-09-06,,14000994,KP AI VJ TP,9,603814.982259837,6009561.95800672,Tributary to Thautil River,Thautil FSR,,FLNR DND 9785,Closed Bottom Structure,Round Culvert,0.9,17,No,,No,No,,4,0.34,0.31,No,2,0.6,1,No,No,Deep Fill,Medium,0.7,3,10,10,5,0,28,Barrier,Replace Structure with Streambed Simulation CBS,3,"Upstream sedge wetland looking habitat with distinct narrow channel. Outlet drop, and small pool. Small vegetation embedment. Stream trickling. Similar sedge / wetland habitat downstream. 16:46",pscis_phase1.xlsm,1014000994,16:46,2021-09-06T16:46:00Z,KP,14000994
140,2021-09-06,,14000398,KP,9,605437,6021867.26654162,Tributary to Gabriel Creek,Thautil FSR,,West Fraser R03753,Closed Bottom Structure,Round Culvert,1,13,No,,No,No,,2,0.18,0.26,Yes,5,1.17,6,No,No,Deep Fill,Low,1.2,0,10,5,10,3,28,Barrier,Replace Structure with Streambed Simulation CBS,3,Dry channel. 13:53,pscis_phase1.xlsm,1014000398,13:53,2021-09-06T13:53:00Z,KP,14000398
141,2021-09-06,,14000377,KP,9,606924.067538363,6020704.01125959,Tributary to Thaultil River,Thautil FSR,,West Fraser R03753,Closed Bottom Structure,Round Culvert,0.9,24,No,,No,No,,4.5,1.1,0.55,Yes,6,1.9,8,No,Yes,Deep Fill,Medium,2.1,3,10,10,10,6,39,Barrier,Replace Structure with Streambed Simulation CBS,3,"Fish sighted in outlet pool. Nice little stream, some habitat value. Water flowing below culvert a little. 14:32",pscis_phase1.xlsm,1014000377,14:32,2021-09-06T14:32:00Z,KP,14000377
142,2021-09-06,,14000375,KP,9,605796.554858113,6016996.68930963,Tributary to Thautil River,Thautil FSR,,West Fraser R03753,Closed Bottom Structure,Round Culvert,0.6,12,No,,No,No,,0.3,0,0,No,2,0.65,4.5,No,No,Deep Fill,Low,1.1,0,10,0,5,3,18,Potential,Replace Structure with Streambed Simulation CBS,3,"Dry channel. Upstream channel runs parallel to road, not well defined channel, appears very ephemeral. Downstream channel much more defined. Outlet partially embedded. 15:16",pscis_phase1.xlsm,1014000375,15:16,2021-09-06T15:16:00Z,KP,14000375
143,2021-09-06,,14000382,KP,9,604924.01018594,6014325.46100701,Tributary to Thautil River,Thautil FSR,,West Fraser R03753,Closed Bottom Structure,Round Culvert,0.6,11,No,,No,No,,1,0.17,0.48,No,3,0.7,4,No,No,Deep Fill,Low,1.2,0,10,5,10,3,28,Barrier,Replace Structure with Streambed Simulation CBS,3,"Dry channel. Upstream channel heavily vegetated and goes below mossy structure 5m towards inlet. Outlet damaged and slightly misshapen. Large outlet pool but still minimal channel downstream that is partially vegetated, and goes under moss.  Culvert slope estimated afterwards as not recorded in field. 15:45",pscis_phase1.xlsm,1014000382,15:45,2021-09-06T15:45:00Z,KP,14000382
144,2021-09-06,,14000379,KP,9,604834.913222217,6012765.88315433,Tributary to Thautil River,Thautil FSR,,Canfor R07593,Closed Bottom Structure,Round Culvert,0.9,28,No,,No,No,,5,1.6,0.4,No,5,1.1,5,No,No,Deep Fill,Low,1.2,3,10,10,10,3,36,Barrier,Replace Structure with Streambed Simulation CBS,3,"Upstream channel is partially subsurface below mossy vegetation. Mostly dry with powder pools, huge OD. Downstream channel a bit bigger with larger pools. Creek not flowing. 16:11",pscis_phase1.xlsm,1014000379,16:11,2021-09-06T16:11:00Z,KP,14000379
145,2021-09-08,,14000882,KP,9,607215.93883728306,5997193.99980501,Tributary to Morice River,Spur,28.75,Canfor R08826,Closed Bottom Structure,Round Culvert,0.9,14,No,,No,Yes,100,0.5,0,0,No,1,0.9,0.5,Yes,Yes,Deep Fill,Medium,1,0,10,0,5,3,18,Potential,Replace Structure with Streambed Simulation CBS,3,"Culvert 100% covered by mud from beaver activity, otherwise would be flowing through backwatered. Outlet 100% backwatered almost covering culvert in water. Large wetland complex upstream. Infrastructure looks old and in poor shape, retaining wall / cement block tipping over on outlet. Slop estimated based on backwatered status. Additional culvert ~75m down the road to deal with flooding. 17:53",pscis_phase1.xlsm,1014000882,17:53,2021-09-08T17:53:00Z,KP,14000882
146,2021-09-12,,1802760,KP,9,640551.186775937,6053250.47373403,Deep Creek,Spur,,Unclassified,Open Bottom Structure,Bridge,11,3,,,,,,,,,,,,,,,,,0,0,0,0,0,0,0,Passable,,,"Old rail can deck, now bridge. Owner says nothing else downstream. 8:55",pscis_phase1.xlsm,1001802760,8:55,2021-09-12T08:55:00Z,KP,1802760
147,2021-09-12,,1805553,KP,9,611695.83970857,6082109.1016183,Toboggan Creek,CN Railway,,Canadian National,Closed Bottom Structure,Concrete Box,2.8,14,Yes,0.1,Yes,No,,0.5,0,0,No,0.2,11.5,0.25,Yes,No,Deep Fill,High,4.1,0,5,0,0,6,11,Passable,,,"2 concrete box. Not backwatered but fully wetted due to slow flowing water. Stream slope estimated. Lake/wetland habitat upstream, flowing very slowly through, assuming the crossing is embedded or an open bottom. Appears to be fish friendly. Length was taken with rangefinder. 11:13",pscis_phase1.xlsm,1001805553,11:13,2021-09-12T11:13:00Z,KP,1805553
148,2021-09-14,,24704568,KP,9,605738.6824347,6096763.16962205,John Brown,Powerline,,Unknown,Other,Ford,,,,,,,,,,,,,,,,,,,0,0,0,0,0,0,0,Unknown,,,Ford. 12:47,pscis_phase1.xlsm,1024704568,12:47,2021-09-14T12:47:00Z,KP,24704568
149,2021-09-15,,1805573,KP,9,610392.940857657,6084972.55966932,Tributary to Toboggan Creek,Railway,,Canadian National,Closed Bottom Structure,Round Culvert,0.1,15,No,,No,No,,2,0,0,No,3,2,1,No,No,Deep Fill,Low,20,3,10,0,10,6,29,Barrier,Replace Structure with Streambed Simulation CBS,3,Crossing does not exist on railway.  Site entered as a placeholder because there should be connection. Surveyed above and below modelled crossing.  There is ephemeral channel upstream of the railway that is directed to go along the railway in ditch and quickly dissipates into shrubs and grasses. 12:19,pscis_phase1.xlsm,1001805573,12:19,2021-09-15T12:19:00Z,KP,1805573
150,2021-09-15,,1805549,KP AI,9,611345.128381142,6083669.28661139,Elliot Creek,CN Railway,,Canadian National,Open Bottom Structure,Bridge,13,6,,,,,,,,,,,,,,,,,0,0,0,0,0,0,0,Passable,,,Bridge. 13:40,pscis_phase1.xlsm,1001805549,13:40,2021-09-15T13:40:00Z,KP,1805549
151,2021-09-16,,2021091650,KP AI,9,589659,6123249,Tributary to Waterfall Creek,,,Unknown,Open Bottom Structure,Bridge,6,4,,,,,,,,,,,,,,,,,0,0,0,0,0,0,0,Passable,,,Bridge. 14:27,pscis_phase1.xlsm,2021091650,14:27,2021-09-16T14:27:00Z,KP,2021091650
152,2021-09-16,,1801773,DN,9,603432.067186651,6107843.98349608,Boulder Creek,Unnamed,,Unclassified,Other,Ford,,,,,,,,,,,,,,,,,,,0,0,0,0,0,0,0,Unknown,,,No structure present.,pscis_phase1.xlsm,1001801773,,,DN,1801773
153,2021-09-05,,1800048,KP AI,9,674397.136056341,6043432.53148384,Cesford Creek,Highway 16,,MoTi Arterial,Closed Bottom Structure,Round Culvert,2.5,25,No,,No,Yes,30,1,0,0.09,Yes,1.5,5.48,3.5,No,Yes,Deep Fill,High,2.2,3,10,0,5,6,24,Barrier,Replace with New Open Bottom Structure,10,Habitat confirmation conducted.  Two pipes (2.5m x 2.5m).  Culvert slope measured with lazel level.  Fish observed.  Could not locate downstream crossing on railway.  Garmin backroads mapbook shows stream connecting with side channel of the Bulkley. 9:17,pscis_phase1.xlsm,1001800048,9:17,2021-09-05T09:17:00Z,KP,1800048
154,2021-09-05,,1800193,AI KP,9,674875.418507115,6043782.03553012,Cesford Creek,Highway 118,,MoTi Arterial,Closed Bottom Structure,Round Culvert,3.7,21,No,,No,No,,1,0.5,0.25,No,1.5,4.9,2.83,No,Yes,Deep Fill,High,1.3,3,10,10,5,6,34,Barrier,Replace with New Open Bottom Structure,10,Habitat confirmation conducted.  ~110mm fish observed in outlet pool.  Culvert slope surveyed with lazer level. 8:37,pscis_phase1.xlsm,1001800193,8:37,2021-09-05T08:37:00Z,AI,1800193
155,2021-09-06,,14000394,AI,9,604924.24307022,6012911.85187462,Tributary to Thautil River,Thautil FSR,,West Fraser R03753,Closed Bottom Structure,Round Culvert,0.9,20,No,,No,No,,2,0.4,0.3,No,4,0.9,6,No,No,Deep Fill,Low,1,3,10,10,10,3,36,Barrier,Replace Structure with Streambed Simulation CBS,3,ID is 2021090601 in the photos. 16:03,pscis_phase1.xlsm,1014000394,16:03,2021-09-06T16:03:00Z,AI,14000394
156,2021-09-06,,14001409,AI,9,604621.574441186,6012795.89564589,Tributary to Thautil River,Spur,,Canfor R04078,Closed Bottom Structure,Round Culvert,0.6,11,No,,No,No,,1,0,0,No,4,1.3,1,No,No,Deep Fill,Low,2.2,0,10,0,10,6,26,Barrier,Replace Structure with Streambed Simulation CBS,3,"Dry, difficult to find the channel upstream. 16:30",pscis_phase1.xlsm,1014001409,16:30,2021-09-06T16:30:00Z,AI,14001409
157,2021-09-06,,14001468,AI,9,604616.435088191,6010547.36988884,Tributary to Thautil River,Spur,,Unclassified,Closed Bottom Structure,Round Culvert,0.4,12,No,,No,No,,1,0,0,No,4,0.5,0,No,No,Deep Fill,Low,1.2,0,10,0,10,3,23,Barrier,Replace Structure with Streambed Simulation CBS,3,Cannot locate outlet. Not likely fish habitat. Seasonal wetland. 17:00,pscis_phase1.xlsm,1014001468,17:00,2021-09-06T17:00:00Z,AI,14001468
158,2021-09-06,,14000399,AI,9,604825.975567651,6022653.01372661,Tributary to Gabriel Creek,Thautil FSR,,West Fraser R03753,Open Bottom Structure,Bridge,8,5,,,,,,,,,,,,,,,,,0,0,0,0,0,0,0,Passable,,,Bridge. 13:22,pscis_phase1.xlsm,1014000399,13:22,2021-09-06T13:22:00Z,AI,14000399
159,2021-09-06,,14001432,AI,9,604342.454553779,6022071.60402642,Gabriel Creek,Thautil FSR,,Canfor R07593,Open Bottom Structure,Bridge,7,2,,,,,,,,,,,,,,,,,0,0,0,0,0,0,0,Passable,,,Bridge. 13:24,pscis_phase1.xlsm,1014001432,13:24,2021-09-06T13:24:00Z,AI,14001432
160,2021-09-06,,14000381,AI VJ TP,9,606100.211058717,6017300.74176841,Tributary to Thautil River,Thautil FSR,,West Fraser R03753,Closed Bottom Structure,Oval Culvert,0.9,15,No,,No,No,,1.5,0.25,0,No,1,1.1,3,Yes,No,Deep Fill,Low,1.2,3,10,5,5,3,26,Barrier,Replace Structure with Streambed Simulation CBS,3,Unlikely fish habitat. Culvert pool does not drain into obvious channel most likely wetlands. 14:45,pscis_phase1.xlsm,1014000381,14:45,2021-09-06T14:45:00Z,AI,14000381
161,2021-09-06,,14000389,AI VJ TP,9,604962.093269833,6015050.24301116,Tributary to Thautil River,Thautil FSR,,West Fraser R03753,Closed Bottom Structure,Oval Culvert,0.6,25,No,,No,No,,4.5,1.2,0.45,No,4,1.8,9,No,No,Deep Fill,Low,3,3,10,10,10,6,39,Barrier,Replace Structure with Streambed Simulation CBS,3,"Small stream. Minimal flow - not dry. Steep downstream of culvert. 80cm steps, good gravels. 15:22",pscis_phase1.xlsm,1014000389,15:22,2021-09-06T15:22:00Z,AI,14000389
162,2021-09-06,,14000383,AI KP VJ TP,9,605307.124827225,6023040.38605941,Tributary to Gabriel Creek,Thautil FSR,,West Fraser R03753,Closed Bottom Structure,Round Culvert,1.4,18,No,,No,No,,3,0,0.75,No,3,3,3.5,No,No,Deep Fill,Medium,2.1,3,10,0,10,6,29,Barrier,Replace with New Open Bottom Structure,10,Waypoint WP381. 12:47,pscis_phase1.xlsm,1014000383,12:47,2021-09-06T12:47:00Z,AI,14000383
163,2021-09-06,,14000390,AI VJ TP,9,605778.637934773,6021673.3118074,Tributary to Gabriel Creek,Thautil FSR,,West Fraser R03753,Closed Bottom Structure,Round Culvert,1,14,No,,No,No,,1,0.3,0.2,No,5,1.5,7,No,No,Deep Fill,Low,1.5,0,10,10,10,6,36,Barrier,Replace Structure with Streambed Simulation CBS,3,Very small amount of flow. Some good gravels. Multiple FISS sites downstream with velocity barrier noted. Non-fish? 13:54,pscis_phase1.xlsm,1014000390,13:54,2021-09-06T13:54:00Z,AI,14000390
164,2021-09-06,,14000392,AI KP,9,605753.55403274,6023617.86515697,Tributary to Gabriel Creek,Thautil FSR,,West Fraser R03753,Closed Bottom Structure,Round Culvert,0.6,12,No,,No,No,,1.5,0.62,0.82,No,2,1.5,4,No,Yes,Deep Fill,Medium,2.5,0,10,10,5,6,31,Barrier,Replace Structure with Streambed Simulation CBS,3,Nice gravels. Some flow at this dry time of year. Small system with Dolly Varden noted downstream. 12:26,pscis_phase1.xlsm,1014000392,12:26,2021-09-06T12:26:00Z,AI,14000392
165,2021-09-07,,14000718,AI,9,643962,6001978,Tributary to Owen Creek,Morice-Owen FSR,,Unknown,Closed Bottom Structure,Round Culvert,0.6,16,No,,No,Yes,100,0.7,0,0.36,No,0.5,2,3,No,No,Deep Fill,Medium,3.3,3,10,0,0,6,19,Potential,Replace with New Open Bottom Structure,10,Very nice gravels. Some flow. Passable currently but may by higher velocity at higher flows. 8:59,pscis_phase1.xlsm,1014000718,8:59,2021-09-07T08:59:00Z,AI,14000718
166,2021-09-07,,14000796,AI,9,637564.054668381,6007909.04629493,Fenton Creek,Morice-West FSR,30.2,Resource,Open Bottom Structure,Pipe Arch,50,5,,,,,,,,,,,,,,,,,0,0,0,0,0,0,0,Passable,,,Pipe arch. Mis-labelled as 14000013 (upstream modelled crossing) which has been removed.  17:39,pscis_phase1.xlsm,1014000796,17:39,2021-09-07T17:39:00Z,AI,14000796
167,2021-09-08,,14000991,AI,9,623922.992083245,6005103.90635891,Tributary to Morice River,Morice-West FSR,45.5,FLNR DND 9785,Closed Bottom Structure,Round Culvert,0.95,19,No,,No,No,,2.3,0.3,0.1,No,4,10,0,Yes,No,Deep Fill,Medium,10.5,3,10,10,10,6,39,Barrier,Replace with New Open Bottom Structure,15,Upstream wetland appears shallow. Flown with drone. Could not locate inlet. Culvert damaged with 24cm tree lodged in it. Slope estimated as black barrel. 17:30,pscis_phase1.xlsm,1014000991,17:30,2021-09-08T17:30:00Z,AI,14000991
168,2021-09-08,,14000764,AI,9,609752.960001281,5992972.00627336,Tsiyuh Creek,Morice River FSR,,FLNR DND 4656,Open Bottom Structure,Pipe Arch,17,4,,,,,,,,,,,,,,,,,0,0,0,0,0,0,0,Passable,,,Pipe arch. 12:33,pscis_phase1.xlsm,1014000764,12:33,2021-09-08T12:33:00Z,AI,14000764
169,2021-09-08,,14001094,KP AI TP VJ,9,623368.993728825,6000282.97987882,Tributary to Lamprey Creek,Spur,,Canfor R05233,Closed Bottom Structure,Round Culvert,1.6,14,No,,No,No,,1,0.54,0.6,No,5,2.56,4.5,No,Yes,Deep Fill,Medium,1.6,0,10,10,10,6,36,Barrier,Replace with New Open Bottom Structure,10,Habitat confirmation conducted.  Fish observed (150mm). Good flows when compared to many other streams. 9:25,pscis_phase1.xlsm,1014001094,9:25,2021-09-08T09:25:00Z,KP,14001094
170,2021-09-11,,1800191,AI,9,680196.978600263,6041646.86034722,Watson Creek,Montgomery Road,,MoTi Local,Closed Bottom Structure,Round Culvert,1.2,10,No,,No,No,,0.7,0.13,0.1,No,1,3,1,No,No,Deep Fill,Medium,2.5,0,10,0,5,6,21,Barrier,Replace with New Open Bottom Structure,10,Very low flow but channel is mostly watered. Abundant gravels and excellent vegetation cover. 15:58,pscis_phase1.xlsm,1001800191,15:58,2021-09-11T15:58:00Z,AI,1800191
171,2021-09-12,,1802488,AI,9,640243.914792949,6048061.00410423,Thompson Creek,Private Road,,Unclassified,Closed Bottom Structure,Round Culvert,1.3,6,No,,No,Yes,95,0.2,0,0.1,No,0.4,2.77,0.5,No,Yes,Deep Fill,High,2.1,0,10,0,0,6,16,Potential,Replace with New Open Bottom Structure,10,Udder View Farm. Currently appears passable for all life stages and species but may present slight barrier at time of year when flow are high.  Large outlet pool indicates that culvert is undersized. Landowners adjacent to the stream report that the channel was historically relocated through the fields near the river and they would like to work together to relocate. 16:48,pscis_phase1.xlsm,1001802488,16:48,2021-09-12T16:48:00Z,AI,1802488
172,2021-08-09,,14000804,LRH DM,9,620202.023699139,5998472.02226865,Tributary to Lamprey Creek,Morice R FSR,55,FLNR DND 4656,Closed Bottom Structure,Round Culvert,0.95,13,No,,No,No,,0.5,0.2,0.25,Yes,2,2.2,6,No,No,Deep Fill,Low,2.3,0,10,5,5,6,26,Barrier,Replace with New Open Bottom Structure,10,"Channel dry, Mainline - post code.",pscis_phase1.xlsm,1014000804,,,LRH,14000804
173,2021-08-09,,14000815,LRH DM,9,619988.968386175,5998258.96121077,Tributary to Lamprey Creek,Morice R FSR,55,FLNR DND 4656,Closed Bottom Structure,Round Culvert,0.5,13,No,,No,No,,0.3,0.4,0.5,Yes,2,0.8,2,No,No,Deep Fill,Low,1.6,0,10,10,5,6,31,Barrier,Replace Structure with Streambed Simulation CBS,3,"down stream channel follows ditch line, dry channel.",pscis_phase1.xlsm,1014000815,,,LRH,14000815
174,2021-08-09,,14000256,LRH DM,9,616234.076285736,5998375.99951454,Tributary to Collins Lake,Morice Nado,,Unclassified,Closed Bottom Structure,Round Culvert,0.8,9,No,,No,No,,0.3,0.05,0.5,No,1,2.5,2,No,No,Deep Fill,Medium,3.1,0,10,0,5,6,21,Barrier,Replace with New Open Bottom Structure,10,"channel dry, old overgrown road, pooled after observed upslope of culvert",pscis_phase1.xlsm,1014000256,"channel dry, old overgrown road, pooled after observed upslope of culvert",,LRH,14000256
175,2021-08-11,,14001029,LRH DM,9,626238.560966798,6005131.1607869,Tributary to Lamprey Creek,7 Road,,Canfor R06460,Open Bottom Structure,Bridge,13,6,,,,,,,,,,,,,,,,,0,0,0,0,0,0,0,Passable,,,"Bridge, 2 layers of sediment/erosion control cloth on and adjacent to bridge - installation by pipeline company",pscis_phase1.xlsm,1014001029,"Bridge, 2 layers of sediment/erosion control cloth on and adjacent to bridge - installation by pipeline company",,LRH,14001029
176,2021-08-09,,14000022,LRH DM,9,616801.014027307,5998662.02030295,Tributary to Collins Lake,spur Morice Nado,,Unclassified,Closed Bottom Structure,Round Culvert,0.8,6,No,,No,No,,1,0,0,No,1,2,1,No,No,Deep Fill,Medium,2.5,0,10,0,5,6,21,Barrier,Replace Structure with Streambed Simulation CBS,3,"stream diverted onto road for approximately 500m - between 'modelled crossing Ids' 1014000022 and 1014000256, remove structure and restore to original channel, old pre-code logging",pscis_phase1.xlsm,1014000022,"stream diverted onto road for approximately 500m - between 'modelled crossing Ids' 1014000022 and 1014000256, remove structure and restore to original channel, old pre-code logging",,LRH,14000022
177,2021-08-10,,14000892,LRH DM,9,620392.065183169,5991272.99149081,Tributary to Lamprey Creek,Spur,,Canfor R10987,Closed Bottom Structure,Round Culvert,0.9,16,No,,No,No,,2,0,0,No,0,1,4,No,No,Deep Fill,Low,1.1,3,10,0,0,3,16,Potential,Replace Structure with Streambed Simulation CBS,3,"Dry channel, Post Code",pscis_phase1.xlsm,1014000892,"Dry channel, Post Code",,LRH,14000892
178,2021-08-09,,14000322,LRH DM,9,616899.200407859,5998674.39155116,Tributary to Collins Lake,spur Morice Nado,,Resource,Other,Ford,,,,,,,,,,,,,,,,,,,0,0,0,0,0,0,0,Unknown,,,Deactivated road - no structure.,pscis_phase1.xlsm,1014000322,,,LRH,14000322
179,2021-08-10,,14000967,LRH DM,9,624444.27521962,6002415.52596611,Tributary to Lamprey Creek,08 Road,,Unclassified,Open Bottom Structure,Bridge,9,5,,,,,,,,,,,,,,,,,0,0,0,0,0,0,0,Passable,,,"dry channel, post code. Width estimated.",pscis_phase1.xlsm,1014000967,,,LRH,14000967
180,2021-08-09,,14001624,LRH DM,9,618396.194257309,5996675.3007105,Tributary to Collins Lake,Spur,,Resource,Closed Bottom Structure,Round Culvert,0.6,9,No,0.05,Yes,Yes,50,1,0,0,Yes,2,0.65,10,No,No,Deep Fill,Low,1.1,0,10,0,5,3,18,Potential,Replace Structure with Streambed Simulation CBS,3,"dry channel, crossing takes the ditch line flow as well resulting in downstream channel being larger than up stream, post-code logging",pscis_phase1.xlsm,1014001624,"dry channel, crossing takes the ditch line flow as well resulting in downstream channel being larger than up stream, post-code logging",,LRH,14001624
181,2021-08-10,,14000593,LRH DM,9,621806.973571835,5996214.95179267,Tributary to Lamprey Creek,Spur,,Canfor R05233,Open Bottom Structure,Wood Box Culvert,3,6,,,,,,,,,,,,,,,,,0,0,0,0,0,0,0,Passable,,,"Upstream channel contains some pooled water, up stream the stream is diverted down ditch line and over tops road 30m from old crossing. Pre Code logging. Span estimated.",pscis_phase1.xlsm,1014000593,,,LRH,14000593
182,2021-08-10,,24740003,LRH DM,9,622870.185898483,5988875.3527875,Tributary to Lamprey Creek,Bill Nye spur,15,Unclassified,Open Bottom Structure,Bridge,13,5,,,,,,,,,,,,,,,,,0,0,0,0,0,0,0,Passable,,,"Al #03, post code recent build",pscis_phase1.xlsm,1024740003,"Al #03, post code recent build",,LRH,24740003
183,2021-08-10,,14000897,LRH DM,9,622107.963164532,5990679.84776116,Tributary to Lamprey Creek,Bill Nye spur,,Canfor R10987,Open Bottom Structure,Bridge,12,5,,,,,,,,,,,,,,,,,0,0,0,0,0,0,0,Passable,,,Post Code,pscis_phase1.xlsm,1014000897,Post Code,,LRH,14000897
184,2021-08-10,,14000890,LRH DM,9,620641.408531673,5990771.46453385,Tributary to Lamprey Creek,Spur,,Canfor R10987,Closed Bottom Structure,Round Culvert,1,13,No,,No,Yes,50,1.5,0,0,No,3,0.9,2,No,No,Deep Fill,Medium,0.9,0,10,0,10,0,20,Barrier,Replace Structure with Streambed Simulation CBS,3,"Confirm fish value, small intermittent streams with high habitat values? Post Code",pscis_phase1.xlsm,1014000890,Post Code,,LRH,14000890
185,2021-08-10,,14000894,LRH DM,9,620681.508490773,5990582.93407794,Tributary to Lamprey Creek,Spur,,Canfor R10987,Closed Bottom Structure,Round Culvert,0.5,10,No,,No,No,,1,0,0.2,No,4,0.6,3,No,No,Deep Fill,Medium,1.2,0,10,0,10,3,23,Barrier,Replace Structure with Streambed Simulation CBS,3,Channel has ponded water/wetland up and down stream - Post Code,pscis_phase1.xlsm,1014000894,Channel has ponded water/wetland up and down stream - Post Code,,LRH,14000894
186,2021-08-10,,14000592,LRH DM,9,620084.603178856,5994112.0088542,Tributary to Lamprey Creek,07 Road,,Resource,Closed Bottom Structure,Round Culvert,1,13,No,,No,No,,1,0.3,0.55,No,2,1.6,5,No,No,Deep Fill,Low,1.6,0,10,10,5,6,31,Barrier,Replace Structure with Streambed Simulation CBS,3,"Inlet 35cm above channel, inlet and outlet damaged by cows, Post Code",pscis_phase1.xlsm,1014000592,"Inlet 35cm above channel, inlet and outlet damaged by cows, Post Code",,LRH,14000592
187,2021-08-10,,14001062,LRH DM,9,622408.003369027,5997287.04226328,Tributary to Lamprey Creek,Bill Nye,2,Canfor R05233,Closed Bottom Structure,Round Culvert,0.6,15,No,,No,No,,1.5,0.1,0.15,No,3,0.6,1,No,No,Deep Fill,Medium,1,3,10,0,10,3,26,Barrier,Replace Structure with Streambed Simulation CBS,3,"pooled water above crossing, pre code road, post code culvert",pscis_phase1.xlsm,1014001062,"pooled water above crossing, pre code road, post code culvert",,LRH,14001062
188,2021-08-11,,14001112,LRH DM,9,627288.56386307,6003664.62060755,Tributary to Lamprey Creek,11 Road,,Resource,Other,Ford,,,,,,,,,,,,,,,,,,,0,0,0,0,0,0,0,Unknown,,,"Deactivated spur, dry channel",pscis_phase1.xlsm,1014001112,"Deactivated spur, dry channel",,LRH,14001112
189,2021-08-10,,14000968,LRH DM,9,623985.998637878,6001190.99679435,Tributary to Lamprey Creek,Spur,,Canfor R05233,Closed Bottom Structure,Oval Culvert,1.5,14,No,,No,No,,1,0.15,0.18,No,7,0.9,9,No,No,Deep Fill,Medium,0.6,0,10,5,10,0,25,Barrier,Replace Structure with Streambed Simulation CBS,3,"Water in channel (pooled) above and below, Post Code",pscis_phase1.xlsm,1014000968,"Water in channel (pooled) above and below, Post Code",,LRH,14000968
190,2021-08-11,,14000799,LRH DM,9,623421.997796123,6001387.9978659,Tributary to Lamprey Creek,Morice FSR,47,FLNR DND 4656,Closed Bottom Structure,Round Culvert,0.9,13,No,,No,No,,1,1.6,0.3,Yes,5,1.4,8,No,No,Deep Fill,Medium,1.6,0,10,10,10,6,36,Barrier,Replace Structure with Streambed Simulation CBS,3,"Flowing water in channel up and down stream, Inlet 75% blocked by debris and sediment",pscis_phase1.xlsm,1014000799,"Flowing water in channel up and down stream, Inlet 75% blocked by debris and sediment",,LRH,14000799
191,2021-08-11,,14001170,LRH DM,9,627520.839273412,6004422.94137737,Tributary to Lamprey Creek,spur (overgrown),,Canfor R06460,Closed Bottom Structure,Round Culvert,1.2,9,Yes,0.1,Yes,Yes,100,0.5,0,0,No,4,2,7,No,No,Deep Fill,Low,1.7,0,5,0,10,6,21,Barrier,Replace with New Open Bottom Structure,10,Dry channel,pscis_phase1.xlsm,1014001170,Dry channel,,LRH,14001170
192,2021-09-02,,14000453,AI,9,649728,6029328,Tributary to Nanika River,Cutthroat 1,,Houston Highway,Closed Bottom Structure,Round Culvert,2,25,No,,No,No,,1.5,0.41,0.6,Yes,7,1.9,6,No,No,Deep Fill,Low,0.9,3,10,10,10,0,33,Barrier,Replace Structure with Streambed Simulation CBS,3,At modelled crossing location but no map label. Dry. 15:25,pscis_phase1.xlsm,1014000453,15:25,2021-09-02T15:25:00Z,AI,14000453
193,2021-08-09,,14000196,LRH DM,9,617725.992598688,5998773.98652298,Tributary to Collins Lake,Spur,,Unclassified,Open Bottom Structure,Bridge,10,5,,,,,,,,,,,,,,,,,0,0,0,0,0,0,0,Passable,,,"old wooden bridge, overgrown failed into stream channel, not a barrier but providing structure for aquatics/fish, dry channel, old pre-code logging",pscis_phase1.xlsm,1014000196,"old wooden bridge, overgrown failed into stream channel, not a barrier but providing structure for aquatics/fish, dry channel, old pre-code logging",,LRH,14000196
194,2021-08-09,,14000217,LRH DM,9,617051.018104149,5997021.00922937,Tributary to Collins Lake,Morice R FSR,59,Unclassified,Open Bottom Structure,Wood Box Culvert,0.9,9,,,,,,,,,,,,,,,,,0,0,0,0,0,0,0,Passable,,,"Overgrown road, wood box culvert complete blockage, access required to deactivate/restore channel",pscis_phase1.xlsm,1014000217,"Overgrown road, wood box culvert complete blockage, access required to deactivate/restore channel",,LRH,14000217
195,2021-09-05,,2021090551,KP,9,673235,6043218,Cesford Creek,Railway,,Canadian National,Closed Bottom Structure,Round Culvert,0.1,15,No,,No,No,,2,0,0,No,3,5,1,No,No,Deep Fill,High,50,3,10,0,10,6,29,Barrier,Replace with New Open Bottom Structure,10,No crossing actually exists in the field however site entered as a placeholder because there should be connection between Bulkley and Cesford at this location.  Survey found no culvert and landowner reported none present. 11:22,pscis_phase1.xlsm,2021090551,11:22,2021-09-05T11:22:00Z,KP,2021090551
5,2021-09-05,123377,,AI,9,641632.616729423,6049397.84884155,Thompson Creek,Walcott Road,,MoTi Local,Closed Bottom Structure,Round Culvert,1.05,29,No,,No,No,,1.5,0.25,0.3,No,3,4.8,2.7,No,Yes,Deep Fill,High,4.6,3,10,5,10,6,34,Barrier,Replace with New Open Bottom Structure,10,Debris is partially blocking one of the two pipes. Historic washouts on road at this site.  Landowner reports stream diverted downstream >50 years ago and crosses farmers field in ditched channel.  15:12,pscis_phase2.xlsm,123377,15:12,2021-09-05T15:12:00Z,AI,123377
6,2021-09-05,198048,,AI,9,674397.136056341,6043432.53148384,Cesford Creek,Highway 16,,MoTi Arterial,Closed Bottom Structure,Round Culvert,2.5,25,No,,No,Yes,30,1,0,0.09,Yes,1.5,5.48,3.5,No,Yes,Deep Fill,High,2.2,3,10,0,5,6,24,Barrier,Replace with New Open Bottom Structure,10,Habitat confirmation conducted.  Two pipes (2.5m x 2.5m).  Culvert slope measured with lazel level.  Fish observed.  Could not locate downstream crossing on railway.  Garmin backroads mapbook shows stream connecting with side channel of the Bulkley. 9:17,pscis_phase2.xlsm,198048,9:17,2021-09-05T09:17:00Z,AI,198048
7,2021-09-05,198049,,AI,9,674875.418507115,6043782.03553012,Cesford Creek,Highway 118,,MoTi Arterial,Closed Bottom Structure,Round Culvert,3.7,21,No,,No,No,,1,0.5,0.25,No,1.5,4.9,2.83,No,Yes,Deep Fill,High,1.3,3,10,10,5,6,34,Barrier,Replace with New Open Bottom Structure,10,Habitat confirmation conducted.  ~110mm fish observed in outlet pool.  Culvert slope surveyed with lazer level. 8:37,pscis_phase2.xlsm,198049,8:37,2021-09-05T08:37:00Z,AI,198049
8,2021-09-07,197370,,AI,9,639980.397813604,6008557.31281708,Owen Creek,Morice West FSR,,FLNR DND 4656,Closed Bottom Structure,Round Culvert,0.9,18,No,,No,Yes,100,1.5,0,0.4,No,1,6.8,0.5,Yes,No,Deep Fill,High,7.6,3,10,0,5,6,24,Barrier,Replace with New Open Bottom Structure,12,Habitat confirmation conducted by UAV survey.  Channel size and stream slope estimated from ortho. Culvert slope and embedded depth was estimated due to difficulting locating bottom of pipe. Detailed mesohabitat survey conducted by Jeff Anderson. 14:14,pscis_phase2.xlsm,197370,14:14,2021-09-07T14:14:00Z,AI,197370
9,2021-09-15,57944,,AI,9,607729.007960125,6089383.09390908,Toboggan Creek,Highway 16,,Highway,Closed Bottom Structure,Oval Culvert,7,30,No,,No,No,,2,0,2,No,3,8.5,2.1,No,No,Deep Fill,High,1.2,6,10,0,10,3,29,Barrier,Replace with New Open Bottom Structure,13.5,Oval culvert. 9:34,pscis_phase2.xlsm,57944,9:34,2021-09-15T09:34:00Z,AI,57944
10,2021-08-31,197967,,KP AI,9,692434.600752949,6032330.50974836,Taman Creek,Highway 16,,Highway,Closed Bottom Structure,Round Culvert,3,30,No,,No,No,,9.99,0,0.4,Yes,2.5,5.3,1.7,Yes,No,Deep Fill,Medium,1.8,6,10,0,5,6,27,Barrier,Replace with New Open Bottom Structure,31,"Beaver dam at inlet ~1.5m high. Rocks placed at outlet reducing drop to 0, rocks about long, and have stagged drop of 0.7m. 12:20",pscis_phase2.xlsm,197967,12:20,2021-08-31T12:20:00Z,KP,197967
11,2021-09-07,197379,,KP,9,640960.80642203,6005929.96795082,Tributary to Owen Creek,Morice-Owen FSR,,FLNR DND 9947,Closed Bottom Structure,Round Culvert,1.5,26,No,,No,No,,5,0.47,0.9,No,1.5,6.4,4.8,No,No,Deep Fill,High,4.3,3,10,10,5,6,34,Barrier,Replace with New Open Bottom Structure,16,2/3 upstream culvert has baffles. 13:18,pscis_phase2.xlsm,197379,13:18,2021-09-07T13:18:00Z,KP,197379
12,2021-09-07,197962,,KP,9,643460.29364101,6025889.54226387,Peacock Creek,Morice FSR,7.4,FLNR DND 4656,Closed Bottom Structure,Oval Culvert,3.6,15,No,,No,No,,3.5,0.5,1.05,Yes,3.5,9.3,4,No,No,Deep Fill,Medium,2.6,3,10,10,10,6,39,Barrier,Replace with New Open Bottom Structure,16,"Partial inlet drop of varying height due to large woody debris and boulders. Side channel dry, must be seasonal use only. 17:47",pscis_phase2.xlsm,197962,17:47,2021-09-07T17:47:00Z,KP,197962
13,2021-09-07,123770,,KP AN,9,606626.531060572,6097184.76824903,John Brown Creek,Highway 16,,MoTi Arterial,Closed Bottom Structure,Round Culvert,4,36,No,,No,No,,3.5,0.64,1.5,Yes,2,12.3,2.9,No,Yes,Deep Fill,Medium,3.1,6,10,10,5,6,37,Barrier,Replace with New Open Bottom Structure,19,"Both pipes have outlet drop and water flowing through. Water depth in left pipe is 0.01m, left pipe no embeddment. Inlet drop only on right one. Also has baffling with substrate but baffling not in place for downstream ~3m, so not continuous. Estimated pool depth. 10:52",pscis_phase2.xlsm,123770,10:52,2021-09-07T10:52:00Z,KP,123770
14,2021-09-08,198064,,KP AI TP VJ,9,623368.993728825,6000282.97987882,Tributary to Lamprey Creek,Spur,,Canfor R05233,Closed Bottom Structure,Round Culvert,1.6,14,No,,No,No,,1,0.54,0.6,No,5,2.56,4.5,No,Yes,,Medium,1.6,0,10,10,10,6,36,Barrier,Replace with New Open Bottom Structure,10,Habitat confirmation conducted.  Fish observed (150mm).  9:25,pscis_phase2.xlsm,198064,9:25,2021-09-08T09:25:00Z,KP,198064
15,2021-09-15,58151,,KP,9,629753.329286405,6061125.76100744,McDowell Creek,Woodmere Road,,MoTi Local,Closed Bottom Structure,Round Culvert,1,14,No,,No,No,,0.5,0.25,0.64,No,5,1.8,1.5,No,No,Deep Fill,Medium,1.8,0,10,5,10,6,31,Barrier,Replace Structure with Streambed Simulation CBS,3,"Channel dry. Current pool water depth is 0.31, outlet drop measured using long tape to simulate riffle crest height. 14:48",pscis_phase2.xlsm,58151,14:48,2021-09-15T14:48:00Z,KP,58151
16,2021-09-16,124420,,KP DN,9,586632.281135346,6122394.87347233,Station Creek,Highway 16,,New Hazelton Highway,Closed Bottom Structure,Round Culvert,1.6,90,No,,No,No,,9.99,0.8,1.6,Yes,3.5,5.6,2,No,No,Deep Fill,Medium,3.5,6,10,10,10,6,42,Barrier,Replace with New Open Bottom Structure,30,"Majority of culvert is ~3% however last 5 m steepens to 6-7%, appears to be because exposed section is bending from weight of water. Fill depth ~24m. Huge pool appears it would require a lot of material to backwater and build up. 10:30",pscis_phase2.xlsm,124420,10:30,2021-09-16T10:30:00Z,KP,124420
17,2021-09-16,124421,,KP,9,589466.509863119,6123042.04022274,Tributary to Waterfall Creek,11th Ave,,New Hazelton Local,Closed Bottom Structure,Round Culvert,1,15,No,,No,No,,1.5,0.3,0.27,Yes,1,2.6,1,No,No,Deep Fill,Medium,2.6,3,10,10,5,6,34,Barrier,Replace with New Open Bottom Structure,10,Bent in middle from road weight. Inlet drop of 0.10 for both pipes. Slow steady flow almost wetland habitat above and below. Water is high. 12:54,pscis_phase2.xlsm,124421,12:54,2021-09-16T12:54:00Z,KP,124421
18,2021-09-16,124422,,KP,9,589499.880853079,6123161.58246207,Tributary to Waterfall Creek,Highway 16,,New Hazelton Arterial,Closed Bottom Structure,Round Culvert,1.2,45,No,,No,Yes,25,6,0,0,Yes,1.5,5.2,5.2,Yes,Yes,Deep Fill,Medium,4.3,6,10,0,5,6,27,Barrier,Replace with New Open Bottom Structure,19,"2 pipes. Both have water, left bank one is flowing.  Assessment comments indicate right bank pipe is backwatered 100% but changed to 25% based on photos and past PSCIS data and photos which also indicated not backwatered. Suspect blockage due to debris. Outlet water depth, fish sighted in outlet of right barrel. 13:42",pscis_phase2.xlsm,124422,13:42,2021-09-16T13:42:00Z,KP,124422
19,2021-09-07,197378,,AI KP TP VJ,9,645084.866045075,5998822.46131564,Tributary to Owen Creek,Klate Lake,,West Fraser R04075,Closed Bottom Structure,Round Culvert,1,15,No,,No,No,,2.5,0.1,0.6,Yes,1,2.4,3,Yes,No,Deep Fill,Medium,2.4,3,10,0,5,6,24,Barrier,Replace with New Open Bottom Structure,10,Damage to pipe.  Wetland type area. 9:49,pscis_phase2.xlsm,197378,9:49,2021-09-07T09:49:00Z,AI,197378
20,2021-09-12,198066,,AI,9,640243.914792949,6048061.00410423,Thompson Creek,Private Road,,Unclassified,Closed Bottom Structure,Round Culvert,1.3,6,No,,No,Yes,95,0.2,0,0.1,No,0.4,2.77,0.5,No,Yes,Deep Fill,High,2.1,0,10,0,0,6,16,Potential,Replace with New Open Bottom Structure,10,Udder View Farm. Curently appears passable for all life stages and species but may present slight barrier at time of year when flow are high.  Large outlet pool indicates that culvert is undersized. Landowners adjacent to the stream report that the channel was historically relocated through the fields near the river and they would like to work together to relocate. 16:48,pscis_phase2.xlsm,198066,16:48,2021-09-12T16:48:00Z,AI,198066
21,2021-09-15,123775,,DN AN,9,606445.492933725,6099725.64524708,Witset Creek,Highway 16,,MoTi Arterial,Closed Bottom Structure,Round Culvert,1.22,32,No,,No,No,,0.3,0,0,No,0.5,0.5,1,No,No,Deep Fill,Low,0.4,6,10,0,0,0,16,Potential,Replace Structure with Streambed Simulation CBS,3,Round culvert. 13:30,pscis_phase2.xlsm,123775,13:30,2021-09-15T13:30:00Z,DN,123775
22,2021-09-03,198016,,KP,9,608138.088858204,6020911.19909544,Tributary to Thautil River,Chisholm FSR,53,West Fraser R05232,Closed Bottom Structure,Round Culvert,1.2,25,No,,No,No,,4.5,0.19,,Yes,5,1.3,10,No,Yes,Deep Fill,Medium,1.1,3,10,5,10,3,31,Barrier,Replace Structure with Streambed Simulation CBS,3,Inlet drop 0.07m. Nice flowing stream. Lots of fill. Rocks at outlet increase challenge for upstream movement. 11:38,pscis_phase2.xlsm,198016,11:38,2021-09-03T11:38:00Z,KP,198016
23,2021-09-13,123544,,AI,9,628286.717950697,6060648.13403651,McDowell Creek,Private Road,,Unclassified,Closed Bottom Structure,Round Culvert,1.5,14,No,,No,No,,1.5,0,0,No,18.5,2.7,1,No,No,Deep Fill,Medium,1.8,0,10,0,10,6,26,Barrier,Replace with New Open Bottom Structure,10,Inlet of culvert is ~5m elevation more than upstream channel. Road has filled in the creek. 15:44,pscis_phase2.xlsm,123544,15:44,2021-09-13T15:44:00Z,AI,123544
24,2021-08-31,197912,,AI,9,670963.045837189,6046221.19780876,Robert Hatch Creek,Private,,Unclassified,Open Bottom Structure,Bridge,12,7,,,,,,,,,,,,,,,,,0,0,0,0,0,0,0,Passable,,,Bridge has collapsed and is impediment to upstream fish passage.  Habitat confirmation conducted. 16:56,pscis_phase2.xlsm,197912,16:56,2021-08-31T16:56:00Z,AI,197912
25,2021-09-02,198008,,KP,9,606426.18,5986782,Tributary to Nanika River,Spur,,Canfor R10644,Closed Bottom Structure,Round Culvert,0.9,11,No,,No,No,,0.2,0.18,0.6,Yes,6,1.8,7,No,No,Deep Fill,Medium,2,0,10,5,10,6,31,Barrier,Replace Structure with Streambed Simulation CBS,3,"Stream has good flow, well developed channel. 12:50",pscis_phase2.xlsm,198008,12:50,2021-09-02T12:50:00Z,KP,198008
26,2021-09-02,198000,,KP AI,9,605511.019209776,5992667.03867264,McBride Creek,Nanika FSR,,FLNR DND 4656,Closed Bottom Structure,Oval Culvert,3.9,16,No,,No,No,,0.8,0.05,0.8,No,0.5,9,2,No,No,Deep Fill,High,2.3,3,10,0,0,6,19,Potential,Replace with New Open Bottom Structure,14,Laser level for slope. Channel width difficult to measure due to vegetation. 9:43,pscis_phase2.xlsm,198000,9:43,2021-09-02T09:43:00Z,KP,198000
27,2021-08-31,197975,,KP,9,680832.00003985,6040044.96251811,Ailport Creek,Private Driveway,,Unclassified,Closed Bottom Structure,Round Culvert,3,10,No,,No,No,,0.5,0.3,1.45,No,4,6.5,3,No,,Deep Fill,Medium,2.2,0,10,10,10,6,36,Barrier,Replace with New Open Bottom Structure,11.5,"Dredging upstream, channel width not natural. Signs of major flooding including wear on upstream sides of culvert. No riparian zone on river left upstream. Culvert 4% but has bend at last 2m outlet drop and outlet pool depth are estimates. This stream could use some restoration. 17:46",pscis_phase2.xlsm,197975,17:46,2021-08-31T17:46:00Z,KP,197975
28,2021-08-31,197976,,KP,9,680644.76798266894,6039755.55475514,Ailport Creek,Highway 16,,Highway,Closed Bottom Structure,Oval Culvert,3.5,23,No,,No,Yes,50,3,,0.55,No,2,7.5,4,No,Yes,Deep Fill,High,2.1,3,10,0,5,6,24,Barrier,Replace with New Open Bottom Structure,12.5,"Fish sighted upstream, not aligned with stream, channel runs into rip rap berm of highway then over to closed bottom structure. Pool (40cn) on upstream inlet. Fish sighted in downstream pool. 18:16",pscis_phase2.xlsm,197976,18:16,2021-08-31T18:16:00Z,KP,197976
29,2021-08-30,197909,,AI KP,9,687557,6020572,Tributary to Maxan Creek,Maxan Creek FSR,,FLNR DND 7735,Closed Bottom Structure,Round Culvert,0.6,16,No,,No,No,,2.5,0,0.65,Yes,3,0.9,4,Yes,No,Deep Fill,Medium,1.5,3,10,0,10,6,29,Barrier,Replace Structure with Streambed Simulation CBS,3,Habitat value is low to medium.  Large beaver influenced lake upstream with two dams ~1.5m high at 10m and 30m upstream. Inlet blocked.  Water at inlet is level with the top of the culvert.  At 4m downstream is a 1m high beaver dam. 13:23,pscis_phase2.xlsm,197909,13:23,2021-08-30T13:23:00Z,AI,197909
30,2021-09-13,197960,,AI KP,9,605785.558938043,6099883.82711726,Corya Creek,CN Railway,,Canadian National,Closed Bottom Structure,Round Culvert,3.4,24,No,,No,No,,1.5,0.65,3,No,2.5,18,2.8,Yes,No,Deep Fill,High,5.3,3,10,10,5,6,34,Barrier,Replace with New Open Bottom Structure,23,Outlet is cracked and drops. Inlet embedded to 2/3 way. 10:33,pscis_phase2.xlsm,197960,10:33,2021-09-13T10:33:00Z,AI,197960
31,2021-09-05,198090,,KP,9,673235,6043218,Cesford Creek,CN Railway,,Canadian National,Closed Bottom Structure,Round Culvert,0.1,15,No,,No,No,,2,0,0,No,3,5,1,No,No,Deep Fill,High,50,3,10,0,10,6,29,Barrier,Replace with New Open Bottom Structure,10,No crossing actually exists in the field however site entered as a placeholder because there should be connection between Bulkley and Cesford at this location.  Survey found no culvert and landowner reported none present. Large man-made ditch through adjacent field may be draining some water.  Lower section of stream dry at time of survey. 11:22,pscis_phase2.xlsm,198090,11:22,2021-09-05T11:22:00Z,KP,198090
32,2021-09-10,197662,,AI,9,672404.701407138,6044146.31063178,Richfield Creek,Highway 16,,MoTi highway,Closed Bottom Structure,Round Culvert,4.2,24,No,,No,No,,1,0.2,1,No,2,12.5,1.5,No,Yes,Deep Fill,High,3,3,10,5,5,6,29,Barrier,Replace with New Open Bottom Structure,16.5,Culvert and habitat measurements taken in 2020.  Multipass closed site electorfishing conducted in 2021 upstream and downstream of highway.  17:25,pscis_phase2.xlsm,197662,17:25,2021-09-10T17:25:00Z,AI,197662
33,2021-09-05,123375,,AI,9,642497,6048191,Tributary to Thompson Creek,Highway 16,,MoTi,Closed Bottom Structure,Round Culvert,0.5,29,No,,No,Yes,50,2.5,0,,No,2,1,0.5,No,No,Deep Fill,Low,2,3,10,0,5,6,24,Barrier,Replace Structure with Streambed Simulation CBS,3,Main flow of Thompson at Wescott is from tributary with bridge. This stream drains Fishpan Lake but has low habitat value compared to downstream below tributary. 17:17,pscis_phase2.xlsm,123375,17:17,2021-09-05T17:17:00Z,AI,123375
5,2021-09-12,195289,,KP,9,639862.437409921,6051752.46462492,Deep Creek,Highway 16,,MoTi,Closed Bottom Structure,Oval Culvert,4,16,Yes,0.075,Yes,Yes,100,1.5,,,No,0.5,7.03,0.5,No,Yes,Deep Fill,High,1.8,3,5,0,0,6,14,Passable,,,"Fish sighted, looks passable. 9:43",pscis_reassessments.xlsm,195289,9:43,2021-09-12T09:43:00Z,KP,195289
6,2021-09-16,124456,,KP,9,589615.041215387,6122516.17676581,Waterfall Creek,Unnamed,,New Hazelton Unclassified,Closed Bottom Structure,Round Culvert,1.3,8,Yes,0.3,Yes,Yes,100,0.5,,,No,0.5,1.3,0.5,No,No,Deep Fill,Medium,1,0,0,0,0,3,3,Passable,,,"Water depth at inlet 0.3, at outlet 0.4. Upstream does not have well developed channel, more of a dispersed wetland mixed with heavy vegetation and forest cover. Not a lot of obvious open water. 15:39",pscis_reassessments.xlsm,124456,15:39,2021-09-16T15:39:00Z,KP,124456
7,2021-09-05,123776,,AI,9,606419,6100145,Corya Creek,Highway 16,,Unclassified,Open Bottom Structure,Bridge,23,11,,,,,,,,,,,,,,,,,0,0,0,0,0,0,0,Passable,,,Bridge. 17:50,pscis_reassessments.xlsm,123776,17:50,2021-09-05T17:50:00Z,AI,123776
