reference_number,gazetted_names,local_name,waterbody_id,reach_number,site_number,sampling_method,method_number,haul_number_pass_number,species,length_mm,weight_g,sex,maturity,age_structure,age_sample_number,age,genetic_structure,genetic_sample_number,comments
4,Robert Hatch,197912_ds_ef1,00000BULK,0,4,electrofishing,1,1,Rainbow Trout,147,35.2,,,,,,,,
5,Robert Hatch,197912_ds_ef2,00000BULK,0,5,electrofishing,1,1,Rainbow Trout,58,2.7,,,,,,,,
6,Robert Hatch,197912_ds_ef3,00000BULK,0,6,electrofishing,1,1,Rainbow Trout,57,2.4,,,,,,,,
6,Robert Hatch,197912_ds_ef3,00000BULK,0,6,electrofishing,1,1,Rainbow Trout,179,69,,,,,,,,
30,Richfield Creek,197662_ds_ef1,00000BULK,0,30,electrofishing,1,1,Rainbow Trout,53,4.4,,,,,,,,
30,Richfield Creek,197662_ds_ef1,00000BULK,0,30,electrofishing,1,1,Sucker (General),67,3.3,,,,,,,,
30,Richfield Creek,197662_ds_ef1,00000BULK,0,30,electrofishing,1,1,Sucker (General),90,4,,,,,,,,
30,Richfield Creek,197662_ds_ef1,00000BULK,0,30,electrofishing,1,1,Rainbow Trout,99,6.2,,,,,,,,
30,Richfield Creek,197662_ds_ef1,00000BULK,0,30,electrofishing,1,1,Sucker (General),98,7.1,,,,,,,,
30,Richfield Creek,197662_ds_ef1,00000BULK,0,30,electrofishing,1,1,Rainbow Trout,63,2,,,,,,,,
30,Richfield Creek,197662_ds_ef1,00000BULK,0,30,electrofishing,1,1,Rainbow Trout,56,1.4,,,,,,,,
30,Richfield Creek,197662_ds_ef1,00000BULK,0,30,electrofishing,1,1,Coho Salmon,72,3.1,,,,,,,,
30,Richfield Creek,197662_ds_ef1,00000BULK,0,30,electrofishing,1,1,Coho Salmon,78,4.3,,,,,,,,dead
30,Richfield Creek,197662_ds_ef1,00000BULK,0,30,electrofishing,1,1,Rainbow Trout,71,4.3,,,,,,,,
30,Richfield Creek,197662_ds_ef1,00000BULK,0,30,electrofishing,1,1,Coho Salmon,74,3.3,,,,,,,,dead
30,Richfield Creek,197662_ds_ef1,00000BULK,0,30,electrofishing,1,1,Mountain Whitefish,69,,,,,,,,,
30,Richfield Creek,197662_ds_ef1,00000BULK,0,30,electrofishing,1,1,Coho Salmon,69,2.8,,,,,,,,
30,Richfield Creek,197662_ds_ef1,00000BULK,0,30,electrofishing,1,1,Coho Salmon,81,6.5,,,,,,,,
30,Richfield Creek,197662_ds_ef1,00000BULK,0,30,electrofishing,1,1,Coho Salmon,80,4.3,,,,,,,,
30,Richfield Creek,197662_ds_ef1,00000BULK,0,30,electrofishing,1,1,Mountain Whitefish,70,,,,,,,,,size estimated afterwards on assumption was the same as last one.
30,Richfield Creek,197662_ds_ef1,00000BULK,0,30,electrofishing,1,1,Coho Salmon,87,6.2,,,,,,,,
30,Richfield Creek,197662_ds_ef1,00000BULK,0,30,electrofishing,1,1,Coho Salmon,71,3.9,,,,,,,,
30,Richfield Creek,197662_ds_ef1,00000BULK,0,30,electrofishing,1,1,Rainbow Trout,71,4.3,,,,,,,,
30,Richfield Creek,197662_ds_ef1,00000BULK,0,30,electrofishing,1,1,Rainbow Trout,80,5.2,,,,,,,,
30,Richfield Creek,197662_ds_ef1,00000BULK,0,30,electrofishing,1,1,Coho Salmon,85,5,,,,,,,,
30,Richfield Creek,197662_ds_ef1,00000BULK,0,30,electrofishing,1,1,Rainbow Trout,100,8.599999999999998,,,,,,,,
30,Richfield Creek,197662_ds_ef1,00000BULK,0,30,electrofishing,1,1,Rainbow Trout,80,6.8,,,,,,,,
30,Richfield Creek,197662_ds_ef1,00000BULK,0,30,electrofishing,1,1,Rainbow Trout,53,2.4,,,,,,,,
30,Richfield Creek,197662_ds_ef1,00000BULK,0,30,electrofishing,1,1,Coho Salmon,64,3.8,,,,,,,,
30,Richfield Creek,197662_ds_ef1,00000BULK,0,30,electrofishing,1,1,Coho Salmon,82,5.1,,,,,,,,
30,Richfield Creek,197662_ds_ef1,00000BULK,0,30,electrofishing,1,1,Rainbow Trout,52,1.5,,,,,,,,
30,Richfield Creek,197662_ds_ef1,00000BULK,0,30,electrofishing,1,1,Coho Salmon,69,2.8,,,,,,,,
30,Richfield Creek,197662_ds_ef1,00000BULK,0,30,electrofishing,1,1,Rainbow Trout,71,4,,,,,,,,
30,Richfield Creek,197662_ds_ef1,00000BULK,0,30,electrofishing,1,1,Rainbow Trout,47,1.4,,,,,,,,
30,Richfield Creek,197662_ds_ef1,00000BULK,0,30,electrofishing,1,1,Sucker (General),73,4.2,,,,,,,,
30,Richfield Creek,197662_ds_ef1,00000BULK,0,30,electrofishing,1,1,Sucker (General),81,5.6,,,,,,,,
30,Richfield Creek,197662_ds_ef1,00000BULK,0,30,electrofishing,1,1,Rainbow Trout,48,2.7,,,,,,,,
30,Richfield Creek,197662_ds_ef1,00000BULK,0,30,electrofishing,1,1,Rainbow Trout,52,1.5,,,,,,,,
30,Richfield Creek,197662_ds_ef1,00000BULK,0,30,electrofishing,1,1,Rainbow Trout,70,3.6,,,,,,,,
30,Richfield Creek,197662_ds_ef1,00000BULK,0,30,electrofishing,1,1,Rainbow Trout,86,6.2,,,,,,,,
30,Richfield Creek,197662_ds_ef1,00000BULK,0,30,electrofishing,1,1,Coho Salmon,75,3.8,,,,,,,,
30,Richfield Creek,197662_ds_ef1,00000BULK,0,30,electrofishing,1,1,Coho Salmon,69,3.1,,,,,,,,
30,Richfield Creek,197662_ds_ef1,00000BULK,0,30,electrofishing,1,1,Rainbow Trout,77,3.9,,,,,,,,
30,Richfield Creek,197662_ds_ef1,00000BULK,0,30,electrofishing,1,1,Rainbow Trout,46,1.1,,,,,,,,
30,Richfield Creek,197662_ds_ef1,00000BULK,0,30,electrofishing,1,1,Rainbow Trout,114,12.2,,,,,,,,
30,Richfield Creek,197662_ds_ef1,00000BULK,0,30,electrofishing,1,1,Rainbow Trout,93,7.9,,,,,,,,
30,Richfield Creek,197662_ds_ef1,00000BULK,0,30,electrofishing,1,1,Rainbow Trout,50,2,,,,,,,,
30,Richfield Creek,197662_ds_ef1,00000BULK,0,30,electrofishing,1,1,Rainbow Trout,79,4.3,,,,,,,,
30,Richfield Creek,197662_ds_ef1,00000BULK,0,30,electrofishing,1,1,Coho Salmon,90,4.9,,,,,,,,
30,Richfield Creek,197662_ds_ef1,00000BULK,0,30,electrofishing,1,1,Rainbow Trout,85,5.5,,,,,,,,
30,Richfield Creek,197662_ds_ef1,00000BULK,0,30,electrofishing,1,1,Rainbow Trout,160,24.8,,,,,,,,
30,Richfield Creek,197662_ds_ef1,00000BULK,0,30,electrofishing,1,1,Coho Salmon,74,3.8,,,,,,,,
30,Richfield Creek,197662_ds_ef1,00000BULK,0,30,electrofishing,1,1,Coho Salmon,73,3.3,,,,,,,,
30,Richfield Creek,197662_ds_ef1,00000BULK,0,30,electrofishing,1,1,Coho Salmon,81,4.5,,,,,,,,
30,Richfield Creek,197662_ds_ef1,00000BULK,0,30,electrofishing,1,1,Coho Salmon,80,4.5,,,,,,,,
30,Richfield Creek,197662_ds_ef1,00000BULK,0,30,electrofishing,1,1,Rainbow Trout,95,8.699999999999998,,,,,,,,
30,Richfield Creek,197662_ds_ef1,00000BULK,0,30,electrofishing,1,1,Coho Salmon,79,4.6,,,,,,,,
30,Richfield Creek,197662_ds_ef1,00000BULK,0,30,electrofishing,1,1,Coho Salmon,69,2.6,,,,,,,,
30,Richfield Creek,197662_ds_ef1,00000BULK,0,30,electrofishing,1,1,Coho Salmon,75,3.5,,,,,,,,
30,Richfield Creek,197662_ds_ef1,00000BULK,0,30,electrofishing,1,1,Rainbow Trout,80,4.1,,,,,,,,
30,Richfield Creek,197662_ds_ef1,00000BULK,0,30,electrofishing,1,1,Coho Salmon,82,4,,,,,,,,
30,Richfield Creek,197662_ds_ef1,00000BULK,0,30,electrofishing,1,1,Rainbow Trout,86,6.7,,,,,,,,
30,Richfield Creek,197662_ds_ef1,00000BULK,0,30,electrofishing,1,1,Coho Salmon,78,3.6,,,,,,,,
30,Richfield Creek,197662_ds_ef1,00000BULK,0,30,electrofishing,1,1,Rainbow Trout,120,15.1,,,,,,,,
30,Richfield Creek,197662_ds_ef1,00000BULK,0,30,electrofishing,1,1,Rainbow Trout,130,18.3,,,,,,,,
30,Richfield Creek,197662_ds_ef1,00000BULK,0,30,electrofishing,1,1,Coho Salmon,80,4.5,,,,,,,,
30,Richfield Creek,197662_ds_ef1,00000BULK,0,30,electrofishing,1,1,Rainbow Trout,115,14.6,,,,,,,,
30,Richfield Creek,197662_ds_ef1,00000BULK,0,30,electrofishing,1,1,Coho Salmon,60,2.3,,,,,,,,
30,Richfield Creek,197662_ds_ef1,00000BULK,0,30,electrofishing,1,1,Rainbow Trout,175,62.2,,,,,,,,
30,Richfield Creek,197662_ds_ef1,00000BULK,0,30,electrofishing,1,1,Rainbow Trout,120,15.6,,,,,,,,
30,Richfield Creek,197662_ds_ef1,00000BULK,0,30,electrofishing,1,1,Rainbow Trout,130,19.2,,,,,,,,
30,Richfield Creek,197662_ds_ef1,00000BULK,0,30,electrofishing,1,1,Coho Salmon,60,2.1,,,,,,,,
30,Richfield Creek,197662_ds_ef1,00000BULK,0,30,electrofishing,1,1,Coho Salmon,75,3.1,,,,,,,,
30,Richfield Creek,197662_ds_ef1,00000BULK,0,30,electrofishing,1,1,Coho Salmon,65,2.5,,,,,,,,
30,Richfield Creek,197662_ds_ef1,00000BULK,0,30,electrofishing,1,1,Coho Salmon,75,3.3,,,,,,,,
30,Richfield Creek,197662_ds_ef1,00000BULK,0,30,electrofishing,1,1,Rainbow Trout,80,6.5,,,,,,,,
30,Richfield Creek,197662_ds_ef1,00000BULK,0,30,electrofishing,1,1,Sucker (General),90,7.2,,,,,,,,
30,Richfield Creek,197662_ds_ef1,00000BULK,0,30,electrofishing,1,1,Coho Salmon,70,3.9,,,,,,,,
30,Richfield Creek,197662_ds_ef1,00000BULK,0,30,electrofishing,1,1,Coho Salmon,70,4.3,,,,,,,,
30,Richfield Creek,197662_ds_ef1,00000BULK,0,30,electrofishing,1,1,Coho Salmon,90,5.2,,,,,,,,
30,Richfield Creek,197662_ds_ef1,00000BULK,0,30,electrofishing,1,1,Rainbow Trout,77,4.6,,,,,,,,
30,Richfield Creek,197662_ds_ef1,00000BULK,0,30,electrofishing,1,1,Coho Salmon,74,3.4,,,,,,,,
30,Richfield Creek,197662_ds_ef1,00000BULK,0,30,electrofishing,1,1,Rainbow Trout,95,7.3,,,,,,,,
30,Richfield Creek,197662_ds_ef1,00000BULK,0,30,electrofishing,1,1,Coho Salmon,70,2.6,,,,,,,,dead
30,Richfield Creek,197662_ds_ef1,00000BULK,0,30,electrofishing,1,1,Coho Salmon,75,3.7,,,,,,,,
30,Richfield Creek,197662_ds_ef1,00000BULK,0,30,electrofishing,1,1,Rainbow Trout,89,6.9,,,,,,,,wounded dorsal
30,Richfield Creek,197662_ds_ef1,00000BULK,0,30,electrofishing,1,1,Mountain Whitefish,75,3.4,,,,,,,,
30,Richfield Creek,197662_ds_ef1,00000BULK,0,30,electrofishing,1,1,Coho Salmon,50,1.3,,,,,,,,
30,Richfield Creek,197662_ds_ef1,00000BULK,0,30,electrofishing,1,1,Rainbow Trout,130,18.7,,,,,,,,
30,Richfield Creek,197662_ds_ef1,00000BULK,0,30,electrofishing,1,1,Rainbow Trout,90,6.9,,,,,,,,
30,Richfield Creek,197662_ds_ef1,00000BULK,0,30,electrofishing,1,1,Rainbow Trout,83,5.8,,,,,,,,
30,Richfield Creek,197662_ds_ef1,00000BULK,0,30,electrofishing,1,1,Rainbow Trout,55,1.5,,,,,,,,
30,Richfield Creek,197662_ds_ef1,00000BULK,0,30,electrofishing,1,1,Coho Salmon,80,3.8,,,,,,,,
30,Richfield Creek,197662_ds_ef1,00000BULK,0,30,electrofishing,1,1,Coho Salmon,73,3.7,,,,,,,,
30,Richfield Creek,197662_ds_ef1,00000BULK,0,30,electrofishing,1,1,Coho Salmon,70,2.7,,,,,,,,
30,Richfield Creek,197662_ds_ef1,00000BULK,0,30,electrofishing,1,1,Coho Salmon,90,7.2,,,,,,,,
30,Richfield Creek,197662_ds_ef1,00000BULK,0,30,electrofishing,1,1,Rainbow Trout,120,13.3,,,,,,,,
30,Richfield Creek,197662_ds_ef1,00000BULK,0,30,electrofishing,1,1,Rainbow Trout,160,34.9,,,,,,,,
30,Richfield Creek,197662_ds_ef1,00000BULK,0,30,electrofishing,1,1,Coho Salmon,85,5.4,,,,,,,,
30,Richfield Creek,197662_ds_ef1,00000BULK,0,30,electrofishing,1,1,Rainbow Trout,105,5.4,,,,,,,,
30,Richfield Creek,197662_ds_ef1,00000BULK,0,30,electrofishing,1,2,Rainbow Trout,90,5.9,,,,,,,,
30,Richfield Creek,197662_ds_ef1,00000BULK,0,30,electrofishing,1,2,Rainbow Trout,91,7,,,,,,,,
30,Richfield Creek,197662_ds_ef1,00000BULK,0,30,electrofishing,1,2,Rainbow Trout,60,1.6,,,,,,,,
30,Richfield Creek,197662_ds_ef1,00000BULK,0,30,electrofishing,1,2,Longnose Sucker,85,5.5,,,,,,,,
30,Richfield Creek,197662_ds_ef1,00000BULK,0,30,electrofishing,1,2,Coho Salmon,65,2.8,,,,,,,,
30,Richfield Creek,197662_ds_ef1,00000BULK,0,30,electrofishing,1,2,Sucker (General),84,6.5,,,,,,,,
30,Richfield Creek,197662_ds_ef1,00000BULK,0,30,electrofishing,1,2,Coho Salmon,80,4.8,,,,,,,,
30,Richfield Creek,197662_ds_ef1,00000BULK,0,30,electrofishing,1,2,Rainbow Trout,57,1.4,,,,,,,,
30,Richfield Creek,197662_ds_ef1,00000BULK,0,30,electrofishing,1,2,Lamprey (General),16,6.6,,,,,,,,
30,Richfield Creek,197662_ds_ef1,00000BULK,0,30,electrofishing,1,2,Rainbow Trout,99,8.199999999999998,,,,,,,,
30,Richfield Creek,197662_ds_ef1,00000BULK,0,30,electrofishing,1,2,Coho Salmon,78,4.2,,,,,,,,dead
30,Richfield Creek,197662_ds_ef1,00000BULK,0,30,electrofishing,1,2,Coho Salmon,67,3,,,,,,,,
30,Richfield Creek,197662_ds_ef1,00000BULK,0,30,electrofishing,1,2,Coho Salmon,70,4.2,,,,,,,,
30,Richfield Creek,197662_ds_ef1,00000BULK,0,30,electrofishing,1,2,Rainbow Trout,45,1.5,,,,,,,,
30,Richfield Creek,197662_ds_ef1,00000BULK,0,30,electrofishing,1,2,Rainbow Trout,59,2.1,,,,,,,,
30,Richfield Creek,197662_ds_ef1,00000BULK,0,30,electrofishing,1,2,Coho Salmon,77,4.2,,,,,,,,
30,Richfield Creek,197662_ds_ef1,00000BULK,0,30,electrofishing,1,2,Coho Salmon,80,4.4,,,,,,,,
30,Richfield Creek,197662_ds_ef1,00000BULK,0,30,electrofishing,1,2,Rainbow Trout,75,3.6,,,,,,,,
30,Richfield Creek,197662_ds_ef1,00000BULK,0,30,electrofishing,1,2,Rainbow Trout,90,8.5,,,,,,,,
30,Richfield Creek,197662_ds_ef1,00000BULK,0,30,electrofishing,1,2,Rainbow Trout,67,3.1,,,,,,,,
30,Richfield Creek,197662_ds_ef1,00000BULK,0,30,electrofishing,1,2,Rainbow Trout,65,2.6,,,,,,,,
30,Richfield Creek,197662_ds_ef1,00000BULK,0,30,electrofishing,1,2,Rainbow Trout,66,2.4,,,,,,,,
30,Richfield Creek,197662_ds_ef1,00000BULK,0,30,electrofishing,1,2,Sucker (General),85,5.5,,,,,,,,
30,Richfield Creek,197662_ds_ef1,00000BULK,0,30,electrofishing,1,2,Rainbow Trout,89,6.1,,,,,,,,
30,Richfield Creek,197662_ds_ef1,00000BULK,0,30,electrofishing,1,2,Coho Salmon,90,5.7,,,,,,,,
30,Richfield Creek,197662_ds_ef1,00000BULK,0,30,electrofishing,1,2,Rainbow Trout,52,1.5,,,,,,,,
30,Richfield Creek,197662_ds_ef1,00000BULK,0,30,electrofishing,1,2,Coho Salmon,53,1.6,,,,,,,,
30,Richfield Creek,197662_ds_ef1,00000BULK,0,30,electrofishing,1,2,Rainbow Trout,53,1.4,,,,,,,,
30,Richfield Creek,197662_ds_ef1,00000BULK,0,30,electrofishing,1,3,Coho Salmon,75,3.9,,,,,,,,
30,Richfield Creek,197662_ds_ef1,00000BULK,0,30,electrofishing,1,3,Coho Salmon,77,4.3,,,,,,,,
30,Richfield Creek,197662_ds_ef1,00000BULK,0,30,electrofishing,1,3,Rainbow Trout,119,16.2,,,,,,,,
30,Richfield Creek,197662_ds_ef1,00000BULK,0,30,electrofishing,1,3,Coho Salmon,75,4.8,,,,,,,,
30,Richfield Creek,197662_ds_ef1,00000BULK,0,30,electrofishing,1,3,Rainbow Trout,59,2.7,,,,,,,,
30,Richfield Creek,197662_ds_ef1,00000BULK,0,30,electrofishing,1,3,Rainbow Trout,90,5.8,,,,,,,,
30,Richfield Creek,197662_ds_ef1,00000BULK,0,30,electrofishing,1,3,Rainbow Trout,80,6,,,,,,,,
30,Richfield Creek,197662_ds_ef1,00000BULK,0,30,electrofishing,1,3,Coho Salmon,53,1.5,,,,,,,,
30,Richfield Creek,197662_ds_ef1,00000BULK,0,30,electrofishing,1,3,Coho Salmon,79,4.6,,,,,,,,
30,Richfield Creek,197662_ds_ef1,00000BULK,0,30,electrofishing,1,3,Coho Salmon,80,4.3,,,,,,,,
30,Richfield Creek,197662_ds_ef1,00000BULK,0,30,electrofishing,1,3,Coho Salmon,90,6,,,,,,,,
30,Richfield Creek,197662_ds_ef1,00000BULK,0,30,electrofishing,1,3,Coho Salmon,80,6.7,,,,,,,,
30,Richfield Creek,197662_ds_ef1,00000BULK,0,30,electrofishing,1,3,Mountain Whitefish,80,3.5,,,,,,,,
30,Richfield Creek,197662_ds_ef1,00000BULK,0,30,electrofishing,1,3,Coho Salmon,79,4.6,,,,,,,,
30,Richfield Creek,197662_ds_ef1,00000BULK,0,30,electrofishing,1,3,Mountain Whitefish,80,3.5,,,,,,,,
30,Richfield Creek,197662_ds_ef1,00000BULK,0,30,electrofishing,1,3,Coho Salmon,70,3.5,,,,,,,,
30,Richfield Creek,197662_ds_ef1,00000BULK,0,30,electrofishing,1,3,Coho Salmon,85,6,,,,,,,,
30,Richfield Creek,197662_ds_ef1,00000BULK,0,30,electrofishing,1,3,Rainbow Trout,66,3.5,,,,,,,,
30,Richfield Creek,197662_ds_ef1,00000BULK,0,30,electrofishing,1,3,Sucker (General),93,7,,,,,,,,
30,Richfield Creek,197662_ds_ef1,00000BULK,0,30,electrofishing,1,3,Rainbow Trout,77,4.2,,,,,,,,
30,Richfield Creek,197662_ds_ef1,00000BULK,0,30,electrofishing,1,3,Rainbow Trout,55,1.6,,,,,,,,
30,Richfield Creek,197662_ds_ef1,00000BULK,0,30,electrofishing,1,3,Coho Salmon,75,4,,,,,,,,
30,Richfield Creek,197662_ds_ef1,00000BULK,0,30,electrofishing,1,3,Rainbow Trout,150,27.6,,,,,,,,
30,Richfield Creek,197662_ds_ef1,00000BULK,0,30,electrofishing,1,3,Rainbow Trout,104,9.8,,,,,,,,
30,Richfield Creek,197662_ds_ef1,00000BULK,0,30,electrofishing,1,3,Coho Salmon,80,4.6,,,,,,,,
30,Richfield Creek,197662_ds_ef1,00000BULK,0,30,electrofishing,1,3,Coho Salmon,65,2.8,,,,,,,,
30,Richfield Creek,197662_ds_ef1,00000BULK,0,30,electrofishing,1,3,Rainbow Trout,57,2,,,,,,,,
30,Richfield Creek,197662_ds_ef1,00000BULK,0,30,electrofishing,1,3,Coho Salmon,55,1.9,,,,,,,,
30,Richfield Creek,197662_ds_ef1,00000BULK,0,30,electrofishing,1,3,Rainbow Trout,49,1.8,,,,,,,,
30,Richfield Creek,197662_ds_ef1,00000BULK,0,30,electrofishing,1,3,Coho Salmon,62,2.3,,,,,,,,
30,Richfield Creek,197662_ds_ef1,00000BULK,0,30,electrofishing,1,4,Rainbow Trout,105,11.6,,,,,,,,
30,Richfield Creek,197662_ds_ef1,00000BULK,0,30,electrofishing,1,4,Coho Salmon,72,3.9,,,,,,,,
30,Richfield Creek,197662_ds_ef1,00000BULK,0,30,electrofishing,1,4,Coho Salmon,69,3.4,,,,,,,,
30,Richfield Creek,197662_ds_ef1,00000BULK,0,30,electrofishing,1,4,Coho Salmon,60,2.5,,,,,,,,
30,Richfield Creek,197662_ds_ef1,00000BULK,0,30,electrofishing,1,4,Rainbow Trout,67,3.3,,,,,,,,
30,Richfield Creek,197662_ds_ef1,00000BULK,0,30,electrofishing,1,4,Rainbow Trout,54,2.1,,,,,,,,
30,Richfield Creek,197662_ds_ef1,00000BULK,0,30,electrofishing,1,4,Rainbow Trout,83,6.4,,,,,,,,
30,Richfield Creek,197662_ds_ef1,00000BULK,0,30,electrofishing,1,4,Rainbow Trout,79,5,,,,,,,,
30,Richfield Creek,197662_ds_ef1,00000BULK,0,30,electrofishing,1,4,Coho Salmon,69,3.9,,,,,,,,
30,Richfield Creek,197662_ds_ef1,00000BULK,0,30,electrofishing,1,4,Coho Salmon,73,4.2,,,,,,,,
30,Richfield Creek,197662_ds_ef1,00000BULK,0,30,electrofishing,1,4,Rainbow Trout,55,2,,,,,,,,
30,Richfield Creek,197662_ds_ef1,00000BULK,0,30,electrofishing,1,4,Rainbow Trout,79,5.2,,,,,,,,
30,Richfield Creek,197662_ds_ef1,00000BULK,0,30,electrofishing,1,4,Rainbow Trout,50,1.5,,,,,,,,
30,Richfield Creek,197662_ds_ef1,00000BULK,0,30,electrofishing,1,4,Sucker (General),66,3.8,,,,,,,,
30,Richfield Creek,197662_ds_ef1,00000BULK,0,30,electrofishing,1,4,Rainbow Trout,52,1.6,,,,,,,,
30,Richfield Creek,197662_ds_ef1,00000BULK,0,30,electrofishing,1,4,Sucker (General),59,2.6,,,,,,,,
30,Richfield Creek,197662_ds_ef1,00000BULK,0,30,electrofishing,1,5,Coho Salmon,66,3.3,,,,,,,,
30,Richfield Creek,197662_ds_ef1,00000BULK,0,30,electrofishing,1,5,Coho Salmon,68,3.9,,,,,,,,
30,Richfield Creek,197662_ds_ef1,00000BULK,0,30,electrofishing,1,5,Mountain Whitefish,70,3.2,,,,,,,,
30,Richfield Creek,197662_ds_ef1,00000BULK,0,30,electrofishing,1,5,Coho Salmon,69,4.4,,,,,,,,
30,Richfield Creek,197662_ds_ef1,00000BULK,0,30,electrofishing,1,5,Sucker (General),75,4.9,,,,,,,,
30,Richfield Creek,197662_ds_ef1,00000BULK,0,30,electrofishing,1,5,Rainbow Trout,45,1.8,,,,,,,,
30,Richfield Creek,197662_ds_ef1,00000BULK,0,30,electrofishing,1,6,Lamprey (General),140,4.5,,,,,,,,
30,Richfield Creek,197662_ds_ef1,00000BULK,0,30,electrofishing,1,6,Rainbow Trout,59,2.4,,,,,,,,
30,Richfield Creek,197662_ds_ef1,00000BULK,0,30,electrofishing,1,6,Sucker (General),59,2.3,,,,,,,,
30,Richfield Creek,197662_ds_ef1,00000BULK,0,30,electrofishing,1,6,Rainbow Trout,53,1.5,,,,,,,,
30,Richfield Creek,197662_ds_ef1,00000BULK,0,30,electrofishing,1,6,Coho Salmon,69,4.5,,,,,,,,
30,Richfield Creek,197662_ds_ef1,00000BULK,0,30,electrofishing,1,6,Sucker (General),84,6,,,,,,,,
30,Richfield Creek,197662_ds_ef1,00000BULK,0,30,electrofishing,1,6,Rainbow Trout,83,6.2,,,,,,,,
30,Richfield Creek,197662_ds_ef1,00000BULK,0,30,electrofishing,1,6,Lamprey (General),125,5.2,,,,,,,,
30,Richfield Creek,197662_ds_ef1,00000BULK,0,30,electrofishing,1,6,Coho Salmon,68,4.2,,,,,,,,
31,Richfield Creek,197662_ds_ef2,00000BULK,0,31,electrofishing,1,1,Rainbow Trout,70,4.6,,,,,,,,
31,Richfield Creek,197662_ds_ef2,00000BULK,0,31,electrofishing,1,1,Sucker (General),65,3.4,,,,,,,,
31,Richfield Creek,197662_ds_ef2,00000BULK,0,31,electrofishing,1,1,Rainbow Trout,170,47,,,,,,,,
31,Richfield Creek,197662_ds_ef2,00000BULK,0,31,electrofishing,1,1,Lamprey (General),150,5.1,,,,,,,,
31,Richfield Creek,197662_ds_ef2,00000BULK,0,31,electrofishing,1,1,Rainbow Trout,88,7.2,,,,,,,,
31,Richfield Creek,197662_ds_ef2,00000BULK,0,31,electrofishing,1,1,Rainbow Trout,51,1.4,,,,,,,,
31,Richfield Creek,197662_ds_ef2,00000BULK,0,31,electrofishing,1,1,Rainbow Trout,81,5.8,,,,,,,,
31,Richfield Creek,197662_ds_ef2,00000BULK,0,31,electrofishing,1,1,Rainbow Trout,53,1.8,,,,,,,,
31,Richfield Creek,197662_ds_ef2,00000BULK,0,31,electrofishing,1,1,Rainbow Trout,165,,,,,,,,,
31,Richfield Creek,197662_ds_ef2,00000BULK,0,31,electrofishing,1,1,Coho Salmon,65,2.9,,,,,,,,
31,Richfield Creek,197662_ds_ef2,00000BULK,0,31,electrofishing,1,1,Coho Salmon,53,1.7,,,,,,,,
31,Richfield Creek,197662_ds_ef2,00000BULK,0,31,electrofishing,1,1,Coho Salmon,55,2,,,,,,,,
31,Richfield Creek,197662_ds_ef2,00000BULK,0,31,electrofishing,1,1,Coho Salmon,53,1.8,,,,,,,,
31,Richfield Creek,197662_ds_ef2,00000BULK,0,31,electrofishing,1,1,Coho Salmon,75,4.5,,,,,,,,
31,Richfield Creek,197662_ds_ef2,00000BULK,0,31,electrofishing,1,1,Coho Salmon,52,7.4,,,,,,,,
31,Richfield Creek,197662_ds_ef2,00000BULK,0,31,electrofishing,1,1,Coho Salmon,53,1.7,,,,,,,,
31,Richfield Creek,197662_ds_ef2,00000BULK,0,31,electrofishing,1,1,Coho Salmon,55,1.9,,,,,,,,
31,Richfield Creek,197662_ds_ef2,00000BULK,0,31,electrofishing,1,1,Coho Salmon,48,1.1,,,,,,,,
31,Richfield Creek,197662_ds_ef2,00000BULK,0,31,electrofishing,1,1,Coho Salmon,48,2.8,,,,,,,,
31,Richfield Creek,197662_ds_ef2,00000BULK,0,31,electrofishing,1,1,Coho Salmon,68,4.1,,,,,,,,
31,Richfield Creek,197662_ds_ef2,00000BULK,0,31,electrofishing,1,1,Rainbow Trout,48,1.8,,,,,,,,
31,Richfield Creek,197662_ds_ef2,00000BULK,0,31,electrofishing,1,1,Coho Salmon,47,1.1,,,,,,,,
31,Richfield Creek,197662_ds_ef2,00000BULK,0,31,electrofishing,1,2,Coho Salmon,65,3.5,,,,,,,,
31,Richfield Creek,197662_ds_ef2,00000BULK,0,31,electrofishing,1,2,Coho Salmon,75,4.3,,,,,,,,
31,Richfield Creek,197662_ds_ef2,00000BULK,0,31,electrofishing,1,2,Rainbow Trout,89,7.599999999999999,,,,,,,,
31,Richfield Creek,197662_ds_ef2,00000BULK,0,31,electrofishing,1,2,Coho Salmon,71,4.7,,,,,,,,
31,Richfield Creek,197662_ds_ef2,00000BULK,0,31,electrofishing,1,2,Rainbow Trout,96,8.5,,,,,,,,
31,Richfield Creek,197662_ds_ef2,00000BULK,0,31,electrofishing,1,2,Rainbow Trout,56,2.1,,,,,,,,
31,Richfield Creek,197662_ds_ef2,00000BULK,0,31,electrofishing,1,2,Coho Salmon,52,2.9,,,,,,,,
31,Richfield Creek,197662_ds_ef2,00000BULK,0,31,electrofishing,1,2,Coho Salmon,59,3.2,,,,,,,,
31,Richfield Creek,197662_ds_ef2,00000BULK,0,31,electrofishing,1,2,Coho Salmon,76,4.5,,,,,,,,
31,Richfield Creek,197662_ds_ef2,00000BULK,0,31,electrofishing,1,2,Coho Salmon,53,2,,,,,,,,
31,Richfield Creek,197662_ds_ef2,00000BULK,0,31,electrofishing,1,3,Lamprey (General),150,4.6,,,,,,,,
31,Richfield Creek,197662_ds_ef2,00000BULK,0,31,electrofishing,1,3,Coho Salmon,63,4.4,,,,,,,,
31,Richfield Creek,197662_ds_ef2,00000BULK,0,31,electrofishing,1,3,Coho Salmon,58,3,,,,,,,,
31,Richfield Creek,197662_ds_ef2,00000BULK,0,31,electrofishing,1,3,Rainbow Trout,55,2.6,,,,,,,,
31,Richfield Creek,197662_ds_ef2,00000BULK,0,31,electrofishing,1,3,Rainbow Trout,45,1.3,,,,,,,,
31,Richfield Creek,197662_ds_ef2,00000BULK,0,31,electrofishing,1,3,Rainbow Trout,58,4,,,,,,,,
31,Richfield Creek,197662_ds_ef2,00000BULK,0,31,electrofishing,1,3,Rainbow Trout,53,1.7,,,,,,,,
31,Richfield Creek,197662_ds_ef2,00000BULK,0,31,electrofishing,1,3,Lamprey (General),120,2.7,,,,,,,,
31,Richfield Creek,197662_ds_ef2,00000BULK,0,31,electrofishing,1,3,Lamprey (General),150,4.4,,,,,,,,
31,Richfield Creek,197662_ds_ef2,00000BULK,0,31,electrofishing,1,3,Sucker (General),69,4.1,,,,,,,,
31,Richfield Creek,197662_ds_ef2,00000BULK,0,31,electrofishing,1,3,Sucker (General),65,3.1,,,,,,,,
31,Richfield Creek,197662_ds_ef2,00000BULK,0,31,electrofishing,1,3,Rainbow Trout,81,6.1,,,,,,,,
31,Richfield Creek,197662_ds_ef2,00000BULK,0,31,electrofishing,1,3,Lamprey (General),110,2.8,,,,,,,,
31,Richfield Creek,197662_ds_ef2,00000BULK,0,31,electrofishing,1,3,Rainbow Trout,46,1.5,,,,,,,,
31,Richfield Creek,197662_ds_ef2,00000BULK,0,31,electrofishing,1,3,Rainbow Trout,51,2.6,,,,,,,,
31,Richfield Creek,197662_ds_ef2,00000BULK,0,31,electrofishing,1,3,Rainbow Trout,80,6.2,,,,,,,,
31,Richfield Creek,197662_ds_ef2,00000BULK,0,31,electrofishing,1,4,Coho Salmon,56,2.6,,,,,,,,
31,Richfield Creek,197662_ds_ef2,00000BULK,0,31,electrofishing,1,4,Rainbow Trout,46,1.6,,,,,,,,
31,Richfield Creek,197662_ds_ef2,00000BULK,0,31,electrofishing,1,4,Lamprey (General),142,4,,,,,,,,
32,Richfield Creek,197662_us_ef1,00000BULK,0,32,electrofishing,1,1,Coho Salmon,50,1.5,,,,,,,,
32,Richfield Creek,197662_us_ef1,00000BULK,0,32,electrofishing,1,1,Rainbow Trout,80,5.5,,,,,,,,
32,Richfield Creek,197662_us_ef1,00000BULK,0,32,electrofishing,1,1,Rainbow Trout,140,55.9,,,,,,,,
32,Richfield Creek,197662_us_ef1,00000BULK,0,32,electrofishing,1,1,Rainbow Trout,100,11.2,,,,,,,,
32,Richfield Creek,197662_us_ef1,00000BULK,0,32,electrofishing,1,1,Rainbow Trout,74,4.6,,,,,,,,
32,Richfield Creek,197662_us_ef1,00000BULK,0,32,electrofishing,1,1,Rainbow Trout,120,18.5,,,,,,,,
32,Richfield Creek,197662_us_ef1,00000BULK,0,32,electrofishing,1,1,Rainbow Trout,60,2.4,,,,,,,,
32,Richfield Creek,197662_us_ef1,00000BULK,0,32,electrofishing,1,1,Coho Salmon,78,5.3,,,,,,,,
32,Richfield Creek,197662_us_ef1,00000BULK,0,32,electrofishing,1,1,Coho Salmon,67,3.8,,,,,,,,
32,Richfield Creek,197662_us_ef1,00000BULK,0,32,electrofishing,1,1,Rainbow Trout,88,7.599999999999999,,,,,,,,
32,Richfield Creek,197662_us_ef1,00000BULK,0,32,electrofishing,1,1,Rainbow Trout,75,4.8,,,,,,,,
32,Richfield Creek,197662_us_ef1,00000BULK,0,32,electrofishing,1,1,Rainbow Trout,44,1.2,,,,,,,,
32,Richfield Creek,197662_us_ef1,00000BULK,0,32,electrofishing,1,1,Rainbow Trout,57,2.5,,,,,,,,
32,Richfield Creek,197662_us_ef1,00000BULK,0,32,electrofishing,1,1,Rainbow Trout,49,1.3,,,,,,,,
32,Richfield Creek,197662_us_ef1,00000BULK,0,32,electrofishing,1,1,Rainbow Trout,40,0.2,,,,,,,,
32,Richfield Creek,197662_us_ef1,00000BULK,0,32,electrofishing,1,1,Rainbow Trout,99,10,,,,,,,,
32,Richfield Creek,197662_us_ef1,00000BULK,0,32,electrofishing,1,1,Rainbow Trout,48,1,,,,,,,,
32,Richfield Creek,197662_us_ef1,00000BULK,0,32,electrofishing,1,1,Rainbow Trout,48,1.2,,,,,,,,
32,Richfield Creek,197662_us_ef1,00000BULK,0,32,electrofishing,1,1,Rainbow Trout,50,1.8,,,,,,,,
32,Richfield Creek,197662_us_ef1,00000BULK,0,32,electrofishing,1,1,Rainbow Trout,135,23.6,,,,,,,,
32,Richfield Creek,197662_us_ef1,00000BULK,0,32,electrofishing,1,1,Rainbow Trout,50,1.9,,,,,,,,
32,Richfield Creek,197662_us_ef1,00000BULK,0,32,electrofishing,1,1,Rainbow Trout,49,1.8,,,,,,,,
32,Richfield Creek,197662_us_ef1,00000BULK,0,32,electrofishing,1,1,Rainbow Trout,50,1.7,,,,,,,,
32,Richfield Creek,197662_us_ef1,00000BULK,0,32,electrofishing,1,1,Rainbow Trout,48,1.1,,,,,,,,
32,Richfield Creek,197662_us_ef1,00000BULK,0,32,electrofishing,1,1,Rainbow Trout,54,1.6,,,,,,,,
32,Richfield Creek,197662_us_ef1,00000BULK,0,32,electrofishing,1,1,Rainbow Trout,44,0.9,,,,,,,,
32,Richfield Creek,197662_us_ef1,00000BULK,0,32,electrofishing,1,1,Rainbow Trout,54,1.9,,,,,,,,
32,Richfield Creek,197662_us_ef1,00000BULK,0,32,electrofishing,1,1,Rainbow Trout,55,1.8,,,,,,,,
32,Richfield Creek,197662_us_ef1,00000BULK,0,32,electrofishing,1,1,Rainbow Trout,55,1.6,,,,,,,,
32,Richfield Creek,197662_us_ef1,00000BULK,0,32,electrofishing,1,1,Rainbow Trout,44,1,,,,,,,,
32,Richfield Creek,197662_us_ef1,00000BULK,0,32,electrofishing,1,1,Rainbow Trout,49,1.3,,,,,,,,
32,Richfield Creek,197662_us_ef1,00000BULK,0,32,electrofishing,1,1,Rainbow Trout,44,0.9,,,,,,,,
32,Richfield Creek,197662_us_ef1,00000BULK,0,32,electrofishing,1,2,Rainbow Trout,50,1.3,,,,,,,,
32,Richfield Creek,197662_us_ef1,00000BULK,0,32,electrofishing,1,2,Rainbow Trout,48,1.2,,,,,,,,
32,Richfield Creek,197662_us_ef1,00000BULK,0,32,electrofishing,1,2,Coho Salmon,50,1.4,,,,,,,,
32,Richfield Creek,197662_us_ef1,00000BULK,0,32,electrofishing,1,2,Rainbow Trout,77,5.6,,,,,,,,
32,Richfield Creek,197662_us_ef1,00000BULK,0,32,electrofishing,1,2,Rainbow Trout,40,0.7,,,,,,,,
32,Richfield Creek,197662_us_ef1,00000BULK,0,32,electrofishing,1,2,Rainbow Trout,85,7,,,,,,,,
32,Richfield Creek,197662_us_ef1,00000BULK,0,32,electrofishing,1,2,Rainbow Trout,48,1.4,,,,,,,,
32,Richfield Creek,197662_us_ef1,00000BULK,0,32,electrofishing,1,2,Rainbow Trout,49,1.3,,,,,,,,
32,Richfield Creek,197662_us_ef1,00000BULK,0,32,electrofishing,1,2,Rainbow Trout,55,2.1,,,,,,,,
32,Richfield Creek,197662_us_ef1,00000BULK,0,32,electrofishing,1,2,Lamprey (General),136,5.5,,,,,,,,
32,Richfield Creek,197662_us_ef1,00000BULK,0,32,electrofishing,1,2,Rainbow Trout,88,6.9,,,,,,,,
32,Richfield Creek,197662_us_ef1,00000BULK,0,32,electrofishing,1,2,Rainbow Trout,63,3,,,,,,,,
32,Richfield Creek,197662_us_ef1,00000BULK,0,32,electrofishing,1,2,Rainbow Trout,85,6.4,,,,,,,,
32,Richfield Creek,197662_us_ef1,00000BULK,0,32,electrofishing,1,2,Rainbow Trout,88,8.3,,,,,,,,
32,Richfield Creek,197662_us_ef1,00000BULK,0,32,electrofishing,1,2,Coho Salmon,48,1.3,,,,,,,,
32,Richfield Creek,197662_us_ef1,00000BULK,0,32,electrofishing,1,2,Rainbow Trout,41,0.8,,,,,,,,
32,Richfield Creek,197662_us_ef1,00000BULK,0,32,electrofishing,1,2,Rainbow Trout,57,1.8,,,,,,,,
32,Richfield Creek,197662_us_ef1,00000BULK,0,32,electrofishing,1,2,Rainbow Trout,120,17.2,,,,,,,,
32,Richfield Creek,197662_us_ef1,00000BULK,0,32,electrofishing,1,2,Rainbow Trout,41,1.4,,,,,,,,
32,Richfield Creek,197662_us_ef1,00000BULK,0,32,electrofishing,1,2,Rainbow Trout,79,4.5,,,,,,,,
32,Richfield Creek,197662_us_ef1,00000BULK,0,32,electrofishing,1,2,Rainbow Trout,83,4.9,,,,,,,,
32,Richfield Creek,197662_us_ef1,00000BULK,0,32,electrofishing,1,2,Rainbow Trout,47,1.1,,,,,,,,
32,Richfield Creek,197662_us_ef1,00000BULK,0,32,electrofishing,1,2,Coho Salmon,50,2.1,,,,,,,,
32,Richfield Creek,197662_us_ef1,00000BULK,0,32,electrofishing,1,2,Rainbow Trout,67,3.2,,,,,,,,
32,Richfield Creek,197662_us_ef1,00000BULK,0,32,electrofishing,1,2,Rainbow Trout,70,4.2,,,,,,,,
32,Richfield Creek,197662_us_ef1,00000BULK,0,32,electrofishing,1,3,Lamprey (General),130,4,,,,,,,,
32,Richfield Creek,197662_us_ef1,00000BULK,0,32,electrofishing,1,3,Lamprey (General),70,0.7,,,,,,,,
32,Richfield Creek,197662_us_ef1,00000BULK,0,32,electrofishing,1,3,Rainbow Trout,95,11,,,,,,,,
32,Richfield Creek,197662_us_ef1,00000BULK,0,32,electrofishing,1,3,Rainbow Trout,55,2.1,,,,,,,,
32,Richfield Creek,197662_us_ef1,00000BULK,0,32,electrofishing,1,3,Coho Salmon,52,2.1,,,,,,,,
32,Richfield Creek,197662_us_ef1,00000BULK,0,32,electrofishing,1,3,Rainbow Trout,55,1.8,,,,,,,,
32,Richfield Creek,197662_us_ef1,00000BULK,0,32,electrofishing,1,3,Rainbow Trout,40,0.8,,,,,,,,
32,Richfield Creek,197662_us_ef1,00000BULK,0,32,electrofishing,1,3,Rainbow Trout,55,1.9,,,,,,,,
32,Richfield Creek,197662_us_ef1,00000BULK,0,32,electrofishing,1,3,Rainbow Trout,40,1,,,,,,,,
32,Richfield Creek,197662_us_ef1,00000BULK,0,32,electrofishing,1,4,Rainbow Trout,60,2.5,,,,,,,,
32,Richfield Creek,197662_us_ef1,00000BULK,0,32,electrofishing,1,4,Rainbow Trout,55,1.9,,,,,,,,
32,Richfield Creek,197662_us_ef1,00000BULK,0,32,electrofishing,1,4,Rainbow Trout,47,1.2,,,,,,,,
32,Richfield Creek,197662_us_ef1,00000BULK,0,32,electrofishing,1,4,Rainbow Trout,45,1,,,,,,,,
32,Richfield Creek,197662_us_ef1,00000BULK,0,32,electrofishing,1,4,Coho Salmon,43,1.2,,,,,,,,
32,Richfield Creek,197662_us_ef1,00000BULK,0,32,electrofishing,1,4,Rainbow Trout,55,2.1,,,,,,,,
32,Richfield Creek,197662_us_ef1,00000BULK,0,32,electrofishing,1,4,Rainbow Trout,150,47.1,,,,,,,,
32,Richfield Creek,197662_us_ef1,00000BULK,0,32,electrofishing,1,4,Rainbow Trout,53,2.5,,,,,,,,
32,Richfield Creek,197662_us_ef1,00000BULK,0,32,electrofishing,1,4,Rainbow Trout,40,2.1,,,,,,,,
33,Richfield Creek,197662_us_ef2,00000BULK,0,33,electrofishing,1,1,Coho Salmon,75,4.1,,,,,,,,
33,Richfield Creek,197662_us_ef2,00000BULK,0,33,electrofishing,1,1,Rainbow Trout,65,3.6,,,,,,,,
33,Richfield Creek,197662_us_ef2,00000BULK,0,33,electrofishing,1,1,Rainbow Trout,45,1.2,,,,,,,,
33,Richfield Creek,197662_us_ef2,00000BULK,0,33,electrofishing,1,1,Rainbow Trout,72,4.6,,,,,,,,
33,Richfield Creek,197662_us_ef2,00000BULK,0,33,electrofishing,1,1,Rainbow Trout,85,8.5,,,,,,,,
33,Richfield Creek,197662_us_ef2,00000BULK,0,33,electrofishing,1,1,Rainbow Trout,42,1.5,,,,,,,,
33,Richfield Creek,197662_us_ef2,00000BULK,0,33,electrofishing,1,1,Rainbow Trout,50,1.3,,,,,,,,
33,Richfield Creek,197662_us_ef2,00000BULK,0,33,electrofishing,1,1,Rainbow Trout,46,1.8,,,,,,,,
33,Richfield Creek,197662_us_ef2,00000BULK,0,33,electrofishing,1,1,Rainbow Trout,44,1.2,,,,,,,,
33,Richfield Creek,197662_us_ef2,00000BULK,0,33,electrofishing,1,1,Rainbow Trout,47,1.5,,,,,,,,
33,Richfield Creek,197662_us_ef2,00000BULK,0,33,electrofishing,1,1,Rainbow Trout,54,2,,,,,,,,
33,Richfield Creek,197662_us_ef2,00000BULK,0,33,electrofishing,1,1,Rainbow Trout,54,2,,,,,,,,
33,Richfield Creek,197662_us_ef2,00000BULK,0,33,electrofishing,1,1,Rainbow Trout,47,1.5,,,,,,,,
33,Richfield Creek,197662_us_ef2,00000BULK,0,33,electrofishing,1,1,Rainbow Trout,50,1.5,,,,,,,,
33,Richfield Creek,197662_us_ef2,00000BULK,0,33,electrofishing,1,1,Rainbow Trout,54,1.9,,,,,,,,
33,Richfield Creek,197662_us_ef2,00000BULK,0,33,electrofishing,1,1,Rainbow Trout,48,1.4,,,,,,,,
33,Richfield Creek,197662_us_ef2,00000BULK,0,33,electrofishing,1,1,Rainbow Trout,85,7.5,,,,,,,,
33,Richfield Creek,197662_us_ef2,00000BULK,0,33,electrofishing,1,1,Rainbow Trout,79,4.5,,,,,,,,
33,Richfield Creek,197662_us_ef2,00000BULK,0,33,electrofishing,1,1,Coho Salmon,74,4.9,,,,,,,,
33,Richfield Creek,197662_us_ef2,00000BULK,0,33,electrofishing,1,1,Rainbow Trout,80,6.3,,,,,,,,
33,Richfield Creek,197662_us_ef2,00000BULK,0,33,electrofishing,1,1,Rainbow Trout,90,7.3,,,,,,,,
33,Richfield Creek,197662_us_ef2,00000BULK,0,33,electrofishing,1,1,Rainbow Trout,48,1.5,,,,,,,,
33,Richfield Creek,197662_us_ef2,00000BULK,0,33,electrofishing,1,1,Rainbow Trout,55,1.8,,,,,,,,
33,Richfield Creek,197662_us_ef2,00000BULK,0,33,electrofishing,1,1,Rainbow Trout,55,2,,,,,,,,
33,Richfield Creek,197662_us_ef2,00000BULK,0,33,electrofishing,1,1,Rainbow Trout,125,17.9,,,,,,,,
33,Richfield Creek,197662_us_ef2,00000BULK,0,33,electrofishing,1,1,Rainbow Trout,125,19.1,,,,,,,,
33,Richfield Creek,197662_us_ef2,00000BULK,0,33,electrofishing,1,1,Rainbow Trout,65,3.4,,,,,,,,
33,Richfield Creek,197662_us_ef2,00000BULK,0,33,electrofishing,1,1,Rainbow Trout,109,12.9,,,,,,,,
33,Richfield Creek,197662_us_ef2,00000BULK,0,33,electrofishing,1,1,Rainbow Trout,48,1.6,,,,,,,,
33,Richfield Creek,197662_us_ef2,00000BULK,0,33,electrofishing,1,1,Coho Salmon,68,3.9,,,,,,,,
33,Richfield Creek,197662_us_ef2,00000BULK,0,33,electrofishing,1,1,Rainbow Trout,85,6.8,,,,,,,,
33,Richfield Creek,197662_us_ef2,00000BULK,0,33,electrofishing,1,1,Rainbow Trout,44,1.1,,,,,,,,
33,Richfield Creek,197662_us_ef2,00000BULK,0,33,electrofishing,1,1,Rainbow Trout,79,6.9,,,,,,,,
33,Richfield Creek,197662_us_ef2,00000BULK,0,33,electrofishing,1,1,Rainbow Trout,45,1.2,,,,,,,,
33,Richfield Creek,197662_us_ef2,00000BULK,0,33,electrofishing,1,1,Rainbow Trout,55,1.9,,,,,,,,
33,Richfield Creek,197662_us_ef2,00000BULK,0,33,electrofishing,1,1,Rainbow Trout,45,1.5,,,,,,,,
33,Richfield Creek,197662_us_ef2,00000BULK,0,33,electrofishing,1,1,Rainbow Trout,58,2.3,,,,,,,,
33,Richfield Creek,197662_us_ef2,00000BULK,0,33,electrofishing,1,1,Rainbow Trout,79,5.3,,,,,,,,
33,Richfield Creek,197662_us_ef2,00000BULK,0,33,electrofishing,1,1,Coho Salmon,47,1,,,,,,,,
33,Richfield Creek,197662_us_ef2,00000BULK,0,33,electrofishing,1,1,Coho Salmon,65,3.2,,,,,,,,
33,Richfield Creek,197662_us_ef2,00000BULK,0,33,electrofishing,1,1,Coho Salmon,74,5.1,,,,,,,,
33,Richfield Creek,197662_us_ef2,00000BULK,0,33,electrofishing,1,1,Rainbow Trout,105,11,,,,,,,,
33,Richfield Creek,197662_us_ef2,00000BULK,0,33,electrofishing,1,1,Rainbow Trout,85,6.4,,,,,,,,
33,Richfield Creek,197662_us_ef2,00000BULK,0,33,electrofishing,1,1,Rainbow Trout,53,2.1,,,,,,,,
33,Richfield Creek,197662_us_ef2,00000BULK,0,33,electrofishing,1,1,Rainbow Trout,47,1.2,,,,,,,,
33,Richfield Creek,197662_us_ef2,00000BULK,0,33,electrofishing,1,1,Rainbow Trout,48,2.5,,,,,,,,
33,Richfield Creek,197662_us_ef2,00000BULK,0,33,electrofishing,1,1,Rainbow Trout,39,1,,,,,,,,
33,Richfield Creek,197662_us_ef2,00000BULK,0,33,electrofishing,1,2,Rainbow Trout,87,6.1,,,,,,,,
33,Richfield Creek,197662_us_ef2,00000BULK,0,33,electrofishing,1,2,Rainbow Trout,54,1.7,,,,,,,,
33,Richfield Creek,197662_us_ef2,00000BULK,0,33,electrofishing,1,2,Rainbow Trout,79,4.9,,,,,,,,
33,Richfield Creek,197662_us_ef2,00000BULK,0,33,electrofishing,1,2,Rainbow Trout,55,2.4,,,,,,,,
33,Richfield Creek,197662_us_ef2,00000BULK,0,33,electrofishing,1,2,Coho Salmon,49,2.3,,,,,,,,
33,Richfield Creek,197662_us_ef2,00000BULK,0,33,electrofishing,1,2,Rainbow Trout,59,2.4,,,,,,,,
33,Richfield Creek,197662_us_ef2,00000BULK,0,33,electrofishing,1,2,Rainbow Trout,53,1.7,,,,,,,,
33,Richfield Creek,197662_us_ef2,00000BULK,0,33,electrofishing,1,2,Rainbow Trout,56,2,,,,,,,,
33,Richfield Creek,197662_us_ef2,00000BULK,0,33,electrofishing,1,2,Coho Salmon,50,1.9,,,,,,,,
33,Richfield Creek,197662_us_ef2,00000BULK,0,33,electrofishing,1,2,Rainbow Trout,74,4.2,,,,,,,,
33,Richfield Creek,197662_us_ef2,00000BULK,0,33,electrofishing,1,2,Coho Salmon,38,0.7,,,,,,,,
33,Richfield Creek,197662_us_ef2,00000BULK,0,33,electrofishing,1,2,Rainbow Trout,57,2.3,,,,,,,,
33,Richfield Creek,197662_us_ef2,00000BULK,0,33,electrofishing,1,2,Rainbow Trout,50,1.7,,,,,,,,
33,Richfield Creek,197662_us_ef2,00000BULK,0,33,electrofishing,1,2,Rainbow Trout,75,4.5,,,,,,,,
33,Richfield Creek,197662_us_ef2,00000BULK,0,33,electrofishing,1,2,Rainbow Trout,40,0.7,,,,,,,,
33,Richfield Creek,197662_us_ef2,00000BULK,0,33,electrofishing,1,3,Lamprey (General),125,3.6,,,,,,,,
33,Richfield Creek,197662_us_ef2,00000BULK,0,33,electrofishing,1,3,Rainbow Trout,45,1.2,,,,,,,,
33,Richfield Creek,197662_us_ef2,00000BULK,0,33,electrofishing,1,3,Rainbow Trout,90,7.1,,,,,,,,
33,Richfield Creek,197662_us_ef2,00000BULK,0,33,electrofishing,1,3,Coho Salmon,70,3.3,,,,,,,,
33,Richfield Creek,197662_us_ef2,00000BULK,0,33,electrofishing,1,3,Rainbow Trout,73,3.6,,,,,,,,
33,Richfield Creek,197662_us_ef2,00000BULK,0,33,electrofishing,1,3,Rainbow Trout,79,5.1,,,,,,,,
33,Richfield Creek,197662_us_ef2,00000BULK,0,33,electrofishing,1,3,Rainbow Trout,58,2,,,,,,,,
33,Richfield Creek,197662_us_ef2,00000BULK,0,33,electrofishing,1,3,Rainbow Trout,75,4.7,,,,,,,,
33,Richfield Creek,197662_us_ef2,00000BULK,0,33,electrofishing,1,3,Rainbow Trout,95,8.8,,,,,,,,
33,Richfield Creek,197662_us_ef2,00000BULK,0,33,electrofishing,1,3,Rainbow Trout,75,4.7,,,,,,,,
33,Richfield Creek,197662_us_ef2,00000BULK,0,33,electrofishing,1,3,Rainbow Trout,56,2.2,,,,,,,,
34,Richfield Creek,197662_us_ef3,00000BULK,0,34,electrofishing,1,1,Lamprey (General),100,1.4,,,,,,,,
34,Richfield Creek,197662_us_ef3,00000BULK,0,34,electrofishing,1,1,Lamprey (General),136,4,,,,,,,,
34,Richfield Creek,197662_us_ef3,00000BULK,0,34,electrofishing,1,1,Rainbow Trout,56,2.4,,,,,,,,
34,Richfield Creek,197662_us_ef3,00000BULK,0,34,electrofishing,1,1,Coho Salmon,70,4,,,,,,,,
34,Richfield Creek,197662_us_ef3,00000BULK,0,34,electrofishing,1,1,Rainbow Trout,51,2.4,,,,,,,,
34,Richfield Creek,197662_us_ef3,00000BULK,0,34,electrofishing,1,1,Rainbow Trout,64,2.2,,,,,,,,
34,Richfield Creek,197662_us_ef3,00000BULK,0,34,electrofishing,1,1,Rainbow Trout,50,1.5,,,,,,,,
34,Richfield Creek,197662_us_ef3,00000BULK,0,34,electrofishing,1,1,Rainbow Trout,62,2.6,,,,,,,,
34,Richfield Creek,197662_us_ef3,00000BULK,0,34,electrofishing,1,1,Rainbow Trout,75,5,,,,,,,,
34,Richfield Creek,197662_us_ef3,00000BULK,0,34,electrofishing,1,1,Rainbow Trout,50,1.9,,,,,,,,
34,Richfield Creek,197662_us_ef3,00000BULK,0,34,electrofishing,1,1,Rainbow Trout,45,1.2,,,,,,,,
34,Richfield Creek,197662_us_ef3,00000BULK,0,34,electrofishing,1,1,Rainbow Trout,59,2.6,,,,,,,,
34,Richfield Creek,197662_us_ef3,00000BULK,0,34,electrofishing,1,1,Rainbow Trout,56,2.2,,,,,,,,
34,Richfield Creek,197662_us_ef3,00000BULK,0,34,electrofishing,1,1,Rainbow Trout,55,2.1,,,,,,,,
34,Richfield Creek,197662_us_ef3,00000BULK,0,34,electrofishing,1,2,Rainbow Trout,45,2.1,,,,,,,,
34,Richfield Creek,197662_us_ef3,00000BULK,0,34,electrofishing,1,2,Coho Salmon,55,2.5,,,,,,,,
34,Richfield Creek,197662_us_ef3,00000BULK,0,34,electrofishing,1,2,Rainbow Trout,50,1.4,,,,,,,,
34,Richfield Creek,197662_us_ef3,00000BULK,0,34,electrofishing,1,2,Rainbow Trout,66,3.1,,,,,,,,
34,Richfield Creek,197662_us_ef3,00000BULK,0,34,electrofishing,1,2,Rainbow Trout,61,2.9,,,,,,,,
34,Richfield Creek,197662_us_ef3,00000BULK,0,34,electrofishing,1,2,Rainbow Trout,56,2,,,,,,,,
34,Richfield Creek,197662_us_ef3,00000BULK,0,34,electrofishing,1,2,Rainbow Trout,80,5.8,,,,,,,,
34,Richfield Creek,197662_us_ef3,00000BULK,0,34,electrofishing,1,2,Rainbow Trout,59,3.1,,,,,,,,
34,Richfield Creek,197662_us_ef3,00000BULK,0,34,electrofishing,1,2,Rainbow Trout,60,3.5,,,,,,,,
34,Richfield Creek,197662_us_ef3,00000BULK,0,34,electrofishing,1,2,Rainbow Trout,63,3.4,,,,,,,,
34,Richfield Creek,197662_us_ef3,00000BULK,0,34,electrofishing,1,2,Rainbow Trout,65,3.3,,,,,,,,
34,Richfield Creek,197662_us_ef3,00000BULK,0,34,electrofishing,1,3,Lamprey (General),145,2.5,,,,,,,,
34,Richfield Creek,197662_us_ef3,00000BULK,0,34,electrofishing,1,3,Coho Salmon,61,3,,,,,,,,
34,Richfield Creek,197662_us_ef3,00000BULK,0,34,electrofishing,1,3,Lamprey (General),143,4.4,,,,,,,,
34,Richfield Creek,197662_us_ef3,00000BULK,0,34,electrofishing,1,3,Rainbow Trout,77,5.4,,,,,,,,
34,Richfield Creek,197662_us_ef3,00000BULK,0,34,electrofishing,1,3,Coho Salmon,54,1.7,,,,,,,,
34,Richfield Creek,197662_us_ef3,00000BULK,0,34,electrofishing,1,3,Coho Salmon,57,2.4,,,,,,,,
34,Richfield Creek,197662_us_ef3,00000BULK,0,34,electrofishing,1,3,Coho Salmon,44,1.1,,,,,,,,
34,Richfield Creek,197662_us_ef3,00000BULK,0,34,electrofishing,1,3,Lamprey (General),128,4.9,,,,,,,,
35,Richfield Creek,197662_ds_ef3,00000BULK,0,35,electrofishing,1,1,Rainbow Trout,76,5.7,,,,,,,,
35,Richfield Creek,197662_ds_ef3,00000BULK,0,35,electrofishing,1,1,Rainbow Trout,54,2.5,,,,,,,,
35,Richfield Creek,197662_ds_ef3,00000BULK,0,35,electrofishing,1,1,Rainbow Trout,54,1.7,,,,,,,,
35,Richfield Creek,197662_ds_ef3,00000BULK,0,35,electrofishing,1,1,Coho Salmon,65,3.3,,,,,,,,
35,Richfield Creek,197662_ds_ef3,00000BULK,0,35,electrofishing,1,1,Rainbow Trout,87,7.599999999999999,,,,,,,,
35,Richfield Creek,197662_ds_ef3,00000BULK,0,35,electrofishing,1,1,Rainbow Trout,92,8,,,,,,,,
35,Richfield Creek,197662_ds_ef3,00000BULK,0,35,electrofishing,1,1,Lamprey (General),145,4.4,,,,,,,,
35,Richfield Creek,197662_ds_ef3,00000BULK,0,35,electrofishing,1,1,Rainbow Trout,96,9.8,,,,,,,,
35,Richfield Creek,197662_ds_ef3,00000BULK,0,35,electrofishing,1,1,Rainbow Trout,89,7.5,,,,,,,,
35,Richfield Creek,197662_ds_ef3,00000BULK,0,35,electrofishing,1,1,Rainbow Trout,82,7.7,,,,,,,,
35,Richfield Creek,197662_ds_ef3,00000BULK,0,35,electrofishing,1,1,Coho Salmon,62,3.6,,,,,,,,
35,Richfield Creek,197662_ds_ef3,00000BULK,0,35,electrofishing,1,1,Coho Salmon,69,3.7,,,,,,,,
35,Richfield Creek,197662_ds_ef3,00000BULK,0,35,electrofishing,1,1,Coho Salmon,68,3.7,,,,,,,,
35,Richfield Creek,197662_ds_ef3,00000BULK,0,35,electrofishing,1,1,Rainbow Trout,71,4.5,,,,,,,,
35,Richfield Creek,197662_ds_ef3,00000BULK,0,35,electrofishing,1,1,Rainbow Trout,60,2.6,,,,,,,,
35,Richfield Creek,197662_ds_ef3,00000BULK,0,35,electrofishing,1,2,Sucker (General),75,5.4,,,,,,,,
35,Richfield Creek,197662_ds_ef3,00000BULK,0,35,electrofishing,1,2,Rainbow Trout,55,1.7,,,,,,,,
35,Richfield Creek,197662_ds_ef3,00000BULK,0,35,electrofishing,1,2,Rainbow Trout,53,2.1,,,,,,,,
35,Richfield Creek,197662_ds_ef3,00000BULK,0,35,electrofishing,1,2,Sucker (General),82,6.7,,,,,,,,
35,Richfield Creek,197662_ds_ef3,00000BULK,0,35,electrofishing,1,2,Sucker (General),84,7,,,,,,,,
35,Richfield Creek,197662_ds_ef3,00000BULK,0,35,electrofishing,1,3,Rainbow Trout,54,1.6,,,,,,,,
35,Richfield Creek,197662_ds_ef3,00000BULK,0,35,electrofishing,1,3,Rainbow Trout,55,1.8,,,,,,,,
35,Richfield Creek,197662_ds_ef3,00000BULK,0,35,electrofishing,1,3,Coho Salmon,66,3.7,,,,,,,,
38,Peacock Creek,197962_ds_ef1,00000MORR,0,38,electrofishing,1,1,Dolly Varden,80,6.3,,,,,,,,
38,Peacock Creek,197962_ds_ef1,00000MORR,0,38,electrofishing,1,1,Rainbow Trout,60,4.2,,,,,,,,
38,Peacock Creek,197962_ds_ef1,00000MORR,0,38,electrofishing,1,1,Rainbow Trout,90,8.199999999999998,,,,,,,,
38,Peacock Creek,197962_ds_ef1,00000MORR,0,38,electrofishing,1,1,Rainbow Trout,106,12.7,,,,,,,,
38,Peacock Creek,197962_ds_ef1,00000MORR,0,38,electrofishing,1,1,Rainbow Trout,76,5.1,,,,,,,,
38,Peacock Creek,197962_ds_ef1,00000MORR,0,38,electrofishing,1,1,Dolly Varden,85,5.8,,,,,,,,
38,Peacock Creek,197962_ds_ef1,00000MORR,0,38,electrofishing,1,1,Rainbow Trout,87,7.9,,,,,,,,
38,Peacock Creek,197962_ds_ef1,00000MORR,0,38,electrofishing,1,1,Dolly Varden,90,7.7,,,,,,,,
38,Peacock Creek,197962_ds_ef1,00000MORR,0,38,electrofishing,1,1,Coho Salmon,63,3.6,,,,,,,,
38,Peacock Creek,197962_ds_ef1,00000MORR,0,38,electrofishing,1,1,Coho Salmon,70,4.8,,,,,,,,
38,Peacock Creek,197962_ds_ef1,00000MORR,0,38,electrofishing,1,1,Rainbow Trout,78,6.5,,,,,,,,
38,Peacock Creek,197962_ds_ef1,00000MORR,0,38,electrofishing,1,1,Rainbow Trout,105,11.2,,,,,,,,
38,Peacock Creek,197962_ds_ef1,00000MORR,0,38,electrofishing,1,1,Rainbow Trout,80,7.599999999999999,,,,,,,,
38,Peacock Creek,197962_ds_ef1,00000MORR,0,38,electrofishing,1,1,Dolly Varden,57,1.7,,,,,,,,
38,Peacock Creek,197962_ds_ef1,00000MORR,0,38,electrofishing,1,2,Dolly Varden,143,29.3,,,,,,,,
38,Peacock Creek,197962_ds_ef1,00000MORR,0,38,electrofishing,1,2,Cutthroat Trout (General),104,10.9,,,,,,,,
38,Peacock Creek,197962_ds_ef1,00000MORR,0,38,electrofishing,1,2,Rainbow Trout,97,9.6,,,,,,,,
38,Peacock Creek,197962_ds_ef1,00000MORR,0,38,electrofishing,1,2,Dolly Varden,106,11,,,,,,,,
38,Peacock Creek,197962_ds_ef1,00000MORR,0,38,electrofishing,1,2,Rainbow Trout,101,12.4,,,,,,,,
38,Peacock Creek,197962_ds_ef1,00000MORR,0,38,electrofishing,1,2,Rainbow Trout,48,1.3,,,,,,,,
38,Peacock Creek,197962_ds_ef1,00000MORR,0,38,electrofishing,1,3,Dolly Varden,103,11.9,,,,,,,,
38,Peacock Creek,197962_ds_ef1,00000MORR,0,38,electrofishing,1,3,Dolly Varden,48,1.4,,,,,,,,
38,Peacock Creek,197962_ds_ef1,00000MORR,0,38,electrofishing,1,3,Rainbow Trout,132,29.6,,,,,,,,
38,Peacock Creek,197962_ds_ef1,00000MORR,0,38,electrofishing,1,3,Dolly Varden,56,2.3,,,,,,,,
38,Peacock Creek,197962_ds_ef1,00000MORR,0,38,electrofishing,1,3,Rainbow Trout,49,1.9,,,,,,,,
39,Peacock Creek,197962_ds_ef2,00000MORR,0,39,electrofishing,1,1,Dolly Varden,70,5.8,,,,,,,,
39,Peacock Creek,197962_ds_ef2,00000MORR,0,39,electrofishing,1,1,Rainbow Trout,79,5.8,,,,,,,,
39,Peacock Creek,197962_ds_ef2,00000MORR,0,39,electrofishing,1,1,Rainbow Trout,55,2.3,,,,,,,,
39,Peacock Creek,197962_ds_ef2,00000MORR,0,39,electrofishing,1,1,Dolly Varden,58,1.9,,,,,,,,
39,Peacock Creek,197962_ds_ef2,00000MORR,0,39,electrofishing,1,1,Rainbow Trout,83,6.5,,,,,,,,
39,Peacock Creek,197962_ds_ef2,00000MORR,0,39,electrofishing,1,1,Dolly Varden,83,5.7,,,,,,,,
39,Peacock Creek,197962_ds_ef2,00000MORR,0,39,electrofishing,1,1,Rainbow Trout,57,2.4,,,,,,,,
39,Peacock Creek,197962_ds_ef2,00000MORR,0,39,electrofishing,1,1,Rainbow Trout,76,5.5,,,,,,,,
39,Peacock Creek,197962_ds_ef2,00000MORR,0,39,electrofishing,1,1,Dolly Varden,73,4.6,,,,,,,,
39,Peacock Creek,197962_ds_ef2,00000MORR,0,39,electrofishing,1,1,Dolly Varden,55,1.6,,,,,,,,
39,Peacock Creek,197962_ds_ef2,00000MORR,0,39,electrofishing,1,1,Rainbow Trout,55,2.2,,,,,,,,
39,Peacock Creek,197962_ds_ef2,00000MORR,0,39,electrofishing,1,1,Rainbow Trout,55,2.5,,,,,,,,
39,Peacock Creek,197962_ds_ef2,00000MORR,0,39,electrofishing,1,1,Rainbow Trout,56,3.3,,,,,,,,
39,Peacock Creek,197962_ds_ef2,00000MORR,0,39,electrofishing,1,2,Rainbow Trout,66,5,,,,,,,,
39,Peacock Creek,197962_ds_ef2,00000MORR,0,39,electrofishing,1,2,Dolly Varden,113,14.5,,,,,,,,
40,Peacock Creek,197962_ds_ef3,00000MORR,0,40,electrofishing,1,1,Coho Salmon,77,4.9,,,,,,,,
40,Peacock Creek,197962_ds_ef3,00000MORR,0,40,electrofishing,1,1,Coho Salmon,73,4.6,,,,,,,,
40,Peacock Creek,197962_ds_ef3,00000MORR,0,40,electrofishing,1,1,Coho Salmon,85,9.2,,,,,,,,
40,Peacock Creek,197962_ds_ef3,00000MORR,0,40,electrofishing,1,1,Rainbow Trout,90,11.5,,,,,,,,
40,Peacock Creek,197962_ds_ef3,00000MORR,0,40,electrofishing,1,1,Dolly Varden,57,2.6,,,,,,,,
40,Peacock Creek,197962_ds_ef3,00000MORR,0,40,electrofishing,1,1,Coho Salmon,73,5.4,,,,,,,,
40,Peacock Creek,197962_ds_ef3,00000MORR,0,40,electrofishing,1,1,Coho Salmon,65,3.7,,,,,,,,
40,Peacock Creek,197962_ds_ef3,00000MORR,0,40,electrofishing,1,1,Rainbow Trout,81,6.5,,,,,,,,
40,Peacock Creek,197962_ds_ef3,00000MORR,0,40,electrofishing,1,1,Coho Salmon,68,4.3,,,,,,,,
40,Peacock Creek,197962_ds_ef3,00000MORR,0,40,electrofishing,1,1,Rainbow Trout,58,2.8,,,,,,,,
40,Peacock Creek,197962_ds_ef3,00000MORR,0,40,electrofishing,1,1,Coho Salmon,68,3.8,,,,,,,,
40,Peacock Creek,197962_ds_ef3,00000MORR,0,40,electrofishing,1,2,Rainbow Trout,103,15.3,,,,,,,,
40,Peacock Creek,197962_ds_ef3,00000MORR,0,40,electrofishing,1,2,Coho Salmon,76,5.6,,,,,,,,
42,Peacock Creek,197962_us_ef2,00000MORR,0,42,electrofishing,1,1,Dolly Varden,91,8.3,,,,,,,,
42,Peacock Creek,197962_us_ef2,00000MORR,0,42,electrofishing,1,1,Dolly Varden,55,1.7,,,,,,,,
42,Peacock Creek,197962_us_ef2,00000MORR,0,42,electrofishing,1,1,Dolly Varden,60,2.4,,,,,,,,
42,Peacock Creek,197962_us_ef2,00000MORR,0,42,electrofishing,1,1,Dolly Varden,60,2.5,,,,,,,,
42,Peacock Creek,197962_us_ef2,00000MORR,0,42,electrofishing,1,2,Dolly Varden,89,8.099999999999998,,,,,,,,
42,Peacock Creek,197962_us_ef2,00000MORR,0,42,electrofishing,1,2,Dolly Varden,55,2.4,,,,,,,,
42,Peacock Creek,197962_us_ef2,00000MORR,0,42,electrofishing,1,2,Dolly Varden,64,4.3,,,,,,,,
42,Peacock Creek,197962_us_ef2,00000MORR,0,42,electrofishing,1,2,Dolly Varden,146,26.7,,,,,,,,
42,Peacock Creek,197962_us_ef2,00000MORR,0,42,electrofishing,1,3,Dolly Varden,118,16.7,,,,,,,,
41,Peacock Creek,197962_us_ef1,00000MORR,0,41,electrofishing,1,1,Dolly Varden,113,16,,,,,,,,
41,Peacock Creek,197962_us_ef1,00000MORR,0,41,electrofishing,1,1,Dolly Varden,76,4.3,,,,,,,,
41,Peacock Creek,197962_us_ef1,00000MORR,0,41,electrofishing,1,1,Dolly Varden,88,6.4,,,,,,,,
41,Peacock Creek,197962_us_ef1,00000MORR,0,41,electrofishing,1,1,Dolly Varden,87,6.4,,,,,,,,
41,Peacock Creek,197962_us_ef1,00000MORR,0,41,electrofishing,1,1,Dolly Varden,53,1.7,,,,,,,,
41,Peacock Creek,197962_us_ef1,00000MORR,0,41,electrofishing,1,1,Rainbow Trout,132,23.7,,,,,,,,
41,Peacock Creek,197962_us_ef1,00000MORR,0,41,electrofishing,1,1,Dolly Varden,118,13.2,,,,,,,,
41,Peacock Creek,197962_us_ef1,00000MORR,0,41,electrofishing,1,1,Dolly Varden,65,2.7,,,,,,,,
41,Peacock Creek,197962_us_ef1,00000MORR,0,41,electrofishing,1,1,Dolly Varden,80,5.1,,,,,,,,
41,Peacock Creek,197962_us_ef1,00000MORR,0,41,electrofishing,1,1,Dolly Varden,78,4.6,,,,,,,,
41,Peacock Creek,197962_us_ef1,00000MORR,0,41,electrofishing,1,1,Dolly Varden,62,2.5,,,,,,,,
41,Peacock Creek,197962_us_ef1,00000MORR,0,41,electrofishing,1,1,Dolly Varden,58,1.9,,,,,,,,
41,Peacock Creek,197962_us_ef1,00000MORR,0,41,electrofishing,1,1,Dolly Varden,62,2.4,,,,,,,,
41,Peacock Creek,197962_us_ef1,00000MORR,0,41,electrofishing,1,1,Dolly Varden,61,2.2,,,,,,,,
41,Peacock Creek,197962_us_ef1,00000MORR,0,41,electrofishing,1,1,Dolly Varden,56,2,,,,,,,,
41,Peacock Creek,197962_us_ef1,00000MORR,0,41,electrofishing,1,2,Dolly Varden,60,2.2,,,,,,,,
41,Peacock Creek,197962_us_ef1,00000MORR,0,41,electrofishing,1,3,Dolly Varden,85,6.8,,,,,,,,
43,Peacock Creek,197962_us_ef3,00000MORR,0,43,electrofishing,1,1,Dolly Varden,119,15.6,,,,,,,,
43,Peacock Creek,197962_us_ef3,00000MORR,0,43,electrofishing,1,1,Rainbow Trout,125,20.8,,,,,,,,
43,Peacock Creek,197962_us_ef3,00000MORR,0,43,electrofishing,1,1,Dolly Varden,77,6.4,,,,,,,,
43,Peacock Creek,197962_us_ef3,00000MORR,0,43,electrofishing,1,1,Dolly Varden,92,8,,,,,,,,
43,Peacock Creek,197962_us_ef3,00000MORR,0,43,electrofishing,1,1,Dolly Varden,80,5.7,,,,,,,,
43,Peacock Creek,197962_us_ef3,00000MORR,0,43,electrofishing,1,1,Dolly Varden,88,7.4,,,,,,,,
43,Peacock Creek,197962_us_ef3,00000MORR,0,43,electrofishing,1,1,Dolly Varden,63,2.9,,,,,,,,
43,Peacock Creek,197962_us_ef3,00000MORR,0,43,electrofishing,1,1,Dolly Varden,59,2.6,,,,,,,,
43,Peacock Creek,197962_us_ef3,00000MORR,0,43,electrofishing,1,1,Dolly Varden,56,2.6,,,,,,,,
43,Peacock Creek,197962_us_ef3,00000MORR,0,43,electrofishing,1,1,Dolly Varden,69,3.6,,,,,,,,
43,Peacock Creek,197962_us_ef3,00000MORR,0,43,electrofishing,1,1,Dolly Varden,61,3.2,,,,,,,,
43,Peacock Creek,197962_us_ef3,00000MORR,0,43,electrofishing,1,2,Rainbow Trout,148,38.9,,,,,,,,
43,Peacock Creek,197962_us_ef3,00000MORR,0,43,electrofishing,1,2,Dolly Varden,120,15.3,,,,,,,,
43,Peacock Creek,197962_us_ef3,00000MORR,0,43,electrofishing,1,2,Dolly Varden,57,2.8,,,,,,,,
43,Peacock Creek,197962_us_ef3,00000MORR,0,43,electrofishing,1,2,Dolly Varden,59,2.7,,,,,,,,
43,Peacock Creek,197962_us_ef3,00000MORR,0,43,electrofishing,1,3,Dolly Varden,86,7.3,,,,,,,,
43,Peacock Creek,197962_us_ef3,00000MORR,0,43,electrofishing,1,3,Dolly Varden,98,9.4,,,,,,,,
47,Ailport Creek,197975_us_ef1,00000BULK,0,47,electrofishing,1,1,Rainbow Trout,82,,,,,,,,,
47,Ailport Creek,197975_us_ef1,00000BULK,0,47,electrofishing,1,1,Rainbow Trout,145,,,,,,,,,
47,Ailport Creek,197975_us_ef1,00000BULK,0,47,electrofishing,1,1,Rainbow Trout,80,,,,,,,,,
47,Ailport Creek,197975_us_ef1,00000BULK,0,47,electrofishing,1,1,Rainbow Trout,98,,,,,,,,,
47,Ailport Creek,197975_us_ef1,00000BULK,0,47,electrofishing,1,1,Rainbow Trout,108,,,,,,,,,
47,Ailport Creek,197975_us_ef1,00000BULK,0,47,electrofishing,1,1,Rainbow Trout,60,,,,,,,,,
47,Ailport Creek,197975_us_ef1,00000BULK,0,47,electrofishing,1,1,Rainbow Trout,79,,,,,,,,,
47,Ailport Creek,197975_us_ef1,00000BULK,0,47,electrofishing,1,1,Rainbow Trout,55,,,,,,,,,
47,Ailport Creek,197975_us_ef1,00000BULK,0,47,electrofishing,1,1,Rainbow Trout,109,,,,,,,,,
47,Ailport Creek,197975_us_ef1,00000BULK,0,47,electrofishing,1,1,Rainbow Trout,170,,,,,,,,,
47,Ailport Creek,197975_us_ef1,00000BULK,0,47,electrofishing,1,1,Rainbow Trout,125,,,,,,,,,
47,Ailport Creek,197975_us_ef1,00000BULK,0,47,electrofishing,1,1,Rainbow Trout,98,,,,,,,,,
47,Ailport Creek,197975_us_ef1,00000BULK,0,47,electrofishing,1,1,Rainbow Trout,150,,,,,,,,,
47,Ailport Creek,197975_us_ef1,00000BULK,0,47,electrofishing,1,1,Rainbow Trout,160,,,,,,,,,
47,Ailport Creek,197975_us_ef1,00000BULK,0,47,electrofishing,1,1,Rainbow Trout,106,,,,,,,,,
47,Ailport Creek,197975_us_ef1,00000BULK,0,47,electrofishing,1,1,Rainbow Trout,160,,,,,,,,,
47,Ailport Creek,197975_us_ef1,00000BULK,0,47,electrofishing,1,1,Rainbow Trout,102,,,,,,,,,
47,Ailport Creek,197975_us_ef1,00000BULK,0,47,electrofishing,1,1,Rainbow Trout,101,,,,,,,,,
47,Ailport Creek,197975_us_ef1,00000BULK,0,47,electrofishing,1,1,Rainbow Trout,121,,,,,,,,,
47,Ailport Creek,197975_us_ef1,00000BULK,0,47,electrofishing,1,1,Coho Salmon,94,,,,,,,,,
47,Ailport Creek,197975_us_ef1,00000BULK,0,47,electrofishing,1,1,Rainbow Trout,115,,,,,,,,,
47,Ailport Creek,197975_us_ef1,00000BULK,0,47,electrofishing,1,1,Rainbow Trout,118,,,,,,,,,
47,Ailport Creek,197975_us_ef1,00000BULK,0,47,electrofishing,1,1,Rainbow Trout,92,,,,,,,,,
47,Ailport Creek,197975_us_ef1,00000BULK,0,47,electrofishing,1,1,Rainbow Trout,81,,,,,,,,,
47,Ailport Creek,197975_us_ef1,00000BULK,0,47,electrofishing,1,1,Rainbow Trout,84,,,,,,,,,
47,Ailport Creek,197975_us_ef1,00000BULK,0,47,electrofishing,1,1,Rainbow Trout,96,,,,,,,,,
47,Ailport Creek,197975_us_ef1,00000BULK,0,47,electrofishing,1,1,Coho Salmon,96,,,,,,,,,
47,Ailport Creek,197975_us_ef1,00000BULK,0,47,electrofishing,1,1,Rainbow Trout,120,,,,,,,,,
48,Ailport Creek,197975_us_ef2,00000BULK,0,48,electrofishing,1,1,Rainbow Trout,165,,,,,,,,,
48,Ailport Creek,197975_us_ef2,00000BULK,0,48,electrofishing,1,1,Rainbow Trout,61,,,,,,,,,
48,Ailport Creek,197975_us_ef2,00000BULK,0,48,electrofishing,1,1,Rainbow Trout,83,,,,,,,,,
48,Ailport Creek,197975_us_ef2,00000BULK,0,48,electrofishing,1,1,Rainbow Trout,81,,,,,,,,,
48,Ailport Creek,197975_us_ef2,00000BULK,0,48,electrofishing,1,1,Rainbow Trout,75,,,,,,,,,
48,Ailport Creek,197975_us_ef2,00000BULK,0,48,electrofishing,1,1,Rainbow Trout,141,,,,,,,,,
48,Ailport Creek,197975_us_ef2,00000BULK,0,48,electrofishing,1,1,Rainbow Trout,84,,,,,,,,,
48,Ailport Creek,197975_us_ef2,00000BULK,0,48,electrofishing,1,1,Rainbow Trout,55,,,,,,,,,
48,Ailport Creek,197975_us_ef2,00000BULK,0,48,electrofishing,1,1,Rainbow Trout,56,,,,,,,,,
48,Ailport Creek,197975_us_ef2,00000BULK,0,48,electrofishing,1,1,Rainbow Trout,55,,,,,,,,,
48,Ailport Creek,197975_us_ef2,00000BULK,0,48,electrofishing,1,1,Rainbow Trout,54,,,,,,,,,
48,Ailport Creek,197975_us_ef2,00000BULK,0,48,electrofishing,1,1,Rainbow Trout,106,,,,,,,,,
48,Ailport Creek,197975_us_ef2,00000BULK,0,48,electrofishing,1,1,Rainbow Trout,83,,,,,,,,,
48,Ailport Creek,197975_us_ef2,00000BULK,0,48,electrofishing,1,1,Rainbow Trout,82,,,,,,,,,
49,Ailport Creek,197975_ds_ef1,00000BULK,0,49,electrofishing,1,1,Rainbow Trout,71,,,,,,,,,
49,Ailport Creek,197975_ds_ef1,00000BULK,0,49,electrofishing,1,1,Rainbow Trout,51,,,,,,,,,
49,Ailport Creek,197975_ds_ef1,00000BULK,0,49,electrofishing,1,1,Rainbow Trout,52,,,,,,,,,
50,Ailport Creek,197975_ds_ef2,00000BULK,0,50,electrofishing,1,1,Rainbow Trout,124,,,,,,,,,
50,Ailport Creek,197975_ds_ef2,00000BULK,0,50,electrofishing,1,1,Coho Salmon,64,,,,,,,,,
50,Ailport Creek,197975_ds_ef2,00000BULK,0,50,electrofishing,1,1,Coho Salmon,66,,,,,,,,,
50,Ailport Creek,197975_ds_ef2,00000BULK,0,50,electrofishing,1,1,Coho Salmon,87,,,,,,,,,
50,Ailport Creek,197975_ds_ef2,00000BULK,0,50,electrofishing,1,1,Rainbow Trout,75,,,,,,,,,
50,Ailport Creek,197975_ds_ef2,00000BULK,0,50,electrofishing,1,1,Rainbow Trout,150,,,,,,,,,
50,Ailport Creek,197975_ds_ef2,00000BULK,0,50,electrofishing,1,1,Rainbow Trout,73,,,,,,,,,
50,Ailport Creek,197975_ds_ef2,00000BULK,0,50,electrofishing,1,1,Rainbow Trout,96,,,,,,,,,
50,Ailport Creek,197975_ds_ef2,00000BULK,0,50,electrofishing,1,1,Rainbow Trout,104,,,,,,,,,
50,Ailport Creek,197975_ds_ef2,00000BULK,0,50,electrofishing,1,1,Rainbow Trout,67,,,,,,,,,
50,Ailport Creek,197975_ds_ef2,00000BULK,0,50,electrofishing,1,1,Rainbow Trout,118,,,,,,,,,
50,Ailport Creek,197975_ds_ef2,00000BULK,0,50,electrofishing,1,1,Rainbow Trout,73,,,,,,,,,
50,Ailport Creek,197975_ds_ef2,00000BULK,0,50,electrofishing,1,1,Rainbow Trout,68,,,,,,,,,
50,Ailport Creek,197975_ds_ef2,00000BULK,0,50,electrofishing,1,1,Rainbow Trout,93,,,,,,,,,
50,Ailport Creek,197975_ds_ef2,00000BULK,0,50,electrofishing,1,1,Coho Salmon,82,,,,,,,,,
50,Ailport Creek,197975_ds_ef2,00000BULK,0,50,electrofishing,1,1,Coho Salmon,83,,,,,,,,,
50,Ailport Creek,197975_ds_ef2,00000BULK,0,50,electrofishing,1,1,Rainbow Trout,72,,,,,,,,,
50,Ailport Creek,197975_ds_ef2,00000BULK,0,50,electrofishing,1,1,Rainbow Trout,55,,,,,,,,,
50,Ailport Creek,197975_ds_ef2,00000BULK,0,50,electrofishing,1,1,Rainbow Trout,79,,,,,,,,,
57,Corya Creek,197960_us_ef1,00000BULK,0,57,electrofishing,1,1,Dolly Varden,90,,,,,,,,,
59,Corya Creek,197960_us_ef3,00000BULK,0,59,electrofishing,1,1,Dolly Varden,100,,,,,,,,,
61,Corya Creek,197960_ds_ef2,00000BULK,0,61,electrofishing,1,1,Dolly Varden,98,,,,,,,,,
61,Corya Creek,197960_ds_ef2,00000BULK,0,61,electrofishing,1,1,Dolly Varden,92,,,,,,,,,
61,Corya Creek,197960_ds_ef2,00000BULK,0,61,electrofishing,1,1,Dolly Varden,49,,,,,,,,,
61,Corya Creek,197960_ds_ef2,00000BULK,0,61,electrofishing,1,1,Dolly Varden,51,,,,,,,,,
62,Corya Creek,197960_ds_ef3,00000BULK,0,62,electrofishing,1,1,Dolly Varden,93,,,,,,,,,
62,Corya Creek,197960_ds_ef3,00000BULK,0,62,electrofishing,1,1,Dolly Varden,58,,,,,,,,,
62,Corya Creek,197960_ds_ef3,00000BULK,0,62,electrofishing,1,1,Dolly Varden,50,,,,,,,,,
62,Corya Creek,197960_ds_ef3,00000BULK,0,62,electrofishing,1,1,Dolly Varden,54,,,,,,,,,
62,Corya Creek,197960_ds_ef3,00000BULK,0,62,electrofishing,1,1,Dolly Varden,42,,,,,,,,,
62,Corya Creek,197960_ds_ef3,00000BULK,0,62,electrofishing,1,1,Dolly Varden,45,,,,,,,,,
62,Corya Creek,197960_ds_ef3,00000BULK,0,62,electrofishing,1,1,Dolly Varden,49,,,,,,,,,
66,John Brown,123770_us_ef1,00000BULK,0,66,electrofishing,1,1,Rainbow Trout,95,,,,,,,,,
66,John Brown,123770_us_ef1,00000BULK,0,66,electrofishing,1,1,Rainbow Trout,39,,,,,,,,,
66,John Brown,123770_us_ef1,00000BULK,0,66,electrofishing,1,1,Rainbow Trout,67,,,,,,,,,
67,John Brown,123770_us_ef2,00000BULK,0,67,electrofishing,1,1,Rainbow Trout,74,,,,,,,,,
67,John Brown,123770_us_ef2,00000BULK,0,67,electrofishing,1,1,Rainbow Trout,53,,,,,,,,,
67,John Brown,123770_us_ef2,00000BULK,0,67,electrofishing,1,1,Rainbow Trout,85,,,,,,,,,
67,John Brown,123770_us_ef2,00000BULK,0,67,electrofishing,1,1,Rainbow Trout,63,,,,,,,,,
67,John Brown,123770_us_ef2,00000BULK,0,67,electrofishing,1,1,Coho Salmon,57,,,,,,,,,
67,John Brown,123770_us_ef2,00000BULK,0,67,electrofishing,1,1,Rainbow Trout,56,,,,,,,,,
67,John Brown,123770_us_ef2,00000BULK,0,67,electrofishing,1,1,Rainbow Trout,40,,,,,,,,,
67,John Brown,123770_us_ef2,00000BULK,0,67,electrofishing,1,1,Rainbow Trout,34,,,,,,,,,
68,John Brown,123770_us_ef3,00000BULK,0,68,electrofishing,1,1,Rainbow Trout,137,,,,,,,,,
68,John Brown,123770_us_ef3,00000BULK,0,68,electrofishing,1,1,Rainbow Trout,75,,,,,,,,,
68,John Brown,123770_us_ef3,00000BULK,0,68,electrofishing,1,1,Rainbow Trout,58,,,,,,,,,
68,John Brown,123770_us_ef3,00000BULK,0,68,electrofishing,1,1,Rainbow Trout,36,,,,,,,,,
68,John Brown,123770_us_ef3,00000BULK,0,68,electrofishing,1,1,Rainbow Trout,26,,,,,,,,,
69,John Brown,123770_us_ef4,00000BULK,0,69,electrofishing,1,1,Rainbow Trout,87,,,,,,,,,
69,John Brown,123770_us_ef4,00000BULK,0,69,electrofishing,1,1,Rainbow Trout,96,,,,,,,,,
69,John Brown,123770_us_ef4,00000BULK,0,69,electrofishing,1,1,Rainbow Trout,124,,,,,,,,,
69,John Brown,123770_us_ef4,00000BULK,0,69,electrofishing,1,1,Rainbow Trout,50,,,,,,,,,
69,John Brown,123770_us_ef4,00000BULK,0,69,electrofishing,1,1,Rainbow Trout,100,,,,,,,,,
69,John Brown,123770_us_ef4,00000BULK,0,69,electrofishing,1,1,Rainbow Trout,105,,,,,,,,,
69,John Brown,123770_us_ef4,00000BULK,0,69,electrofishing,1,1,Rainbow Trout,149,,,,,,,,,
69,John Brown,123770_us_ef4,00000BULK,0,69,electrofishing,1,1,Rainbow Trout,129,,,,,,,,,
69,John Brown,123770_us_ef4,00000BULK,0,69,electrofishing,1,1,Rainbow Trout,89,,,,,,,,,
69,John Brown,123770_us_ef4,00000BULK,0,69,electrofishing,1,1,Rainbow Trout,75,,,,,,,,,
69,John Brown,123770_us_ef4,00000BULK,0,69,electrofishing,1,1,Rainbow Trout,85,,,,,,,,,
69,John Brown,123770_us_ef4,00000BULK,0,69,electrofishing,1,1,Rainbow Trout,86,,,,,,,,,
70,John Brown,123770_us_ef5,00000BULK,0,70,electrofishing,1,1,Rainbow Trout,103,,,,,,,,,
70,John Brown,123770_us_ef5,00000BULK,0,70,electrofishing,1,1,Rainbow Trout,47,,,,,,,,,
66,John Brown,123770_us_ef1,00000BULK,0,66,electrofishing,1,1,Rainbow Trout,95,,,,,,,,,
66,John Brown,123770_us_ef1,00000BULK,0,66,electrofishing,1,1,Rainbow Trout,39,,,,,,,,,
66,John Brown,123770_us_ef1,00000BULK,0,66,electrofishing,1,1,Rainbow Trout,67,,,,,,,,,
67,John Brown,123770_us_ef2,00000BULK,0,67,electrofishing,1,1,Rainbow Trout,74,,,,,,,,,
67,John Brown,123770_us_ef2,00000BULK,0,67,electrofishing,1,1,Rainbow Trout,53,,,,,,,,,
67,John Brown,123770_us_ef2,00000BULK,0,67,electrofishing,1,1,Rainbow Trout,85,,,,,,,,,
67,John Brown,123770_us_ef2,00000BULK,0,67,electrofishing,1,1,Rainbow Trout,63,,,,,,,,,
67,John Brown,123770_us_ef2,00000BULK,0,67,electrofishing,1,1,Coho Salmon,57,,,,,,,,,
67,John Brown,123770_us_ef2,00000BULK,0,67,electrofishing,1,1,Rainbow Trout,56,,,,,,,,,
67,John Brown,123770_us_ef2,00000BULK,0,67,electrofishing,1,1,Rainbow Trout,40,,,,,,,,,
67,John Brown,123770_us_ef2,00000BULK,0,67,electrofishing,1,1,Rainbow Trout,34,,,,,,,,,
68,John Brown,123770_us_ef3,00000BULK,0,68,electrofishing,1,1,Rainbow Trout,137,,,,,,,,,
68,John Brown,123770_us_ef3,00000BULK,0,68,electrofishing,1,1,Rainbow Trout,75,,,,,,,,,
68,John Brown,123770_us_ef3,00000BULK,0,68,electrofishing,1,1,Rainbow Trout,58,,,,,,,,,
68,John Brown,123770_us_ef3,00000BULK,0,68,electrofishing,1,1,Rainbow Trout,36,,,,,,,,,
68,John Brown,123770_us_ef3,00000BULK,0,68,electrofishing,1,1,Rainbow Trout,26,,,,,,,,,
